년도,행정동코드,총생활인구수,연령대0_생활인구,연령대10_생활인구,연령대20_생활인구,연령대30_생활인구,연령대40_생활인구,연령대50_생활인구,연령대60_생활인구,연령대70이상_생활인구
2021,11110515,145190072.6537,10050948.8189,14981626.7865,21022426.2096,22138960.1147,26442820.0508,21441855.6752,13015509.5507,16095925.4718
2021,11110530,201157269.317,6812945.7321,9427643.6281,29726342.0616,43640926.1543,42354115.2526,31611896.553,18756232.611,18827167.3147
2021,11110540,48596391.2897,1361386.374,3516363.1325000003,8972479.0129,8899987.511599999,8853889.9137,7428341.5646,5117466.483,4446477.2897
2021,11110550,129996472.3813,7186654.4936,13988591.5469,15757453.7574,16046513.0907,21861064.1909,20869531.0707,16258869.0797,18027795.0693
2021,11110560,166317382.8216,10957808.544,17420681.1005,17864807.4489,18540003.914,26050094.7878,28277155.5173,23157714.4123,24049117.2179
2021,11110570,60804255.3575,4642869.4185,7040835.0611000005,7527715.8056,7199061.5126,9284720.7669,9044678.8931,7439184.3157,8625189.4466
2021,11110580,62382811.9149,5341160.444,5924338.9812,7430187.8547,9455892.3182,11563594.3133,9299248.3102,6341998.1336,7026391.5995000005
2021,11110600,58688225.1266,2602769.1726,5710862.7842,7918262.2695,10751369.1483,11991388.156,9172321.9328,4860035.7525,5681215.9462
2021,11110615,483314015.4683,7468778.2261,13022987.1274,89218672.96689999,99679755.0894,99548605.0847,81013924.0651,51006272.2585,42355020.7446
2021,11110630,144075636.591,1790915.6539,5709589.7543,21772246.919,23557173.8156,24178184.0609,28695194.549,20617269.8901,17755062.0479
2021,11110640,199088667.7807,5132796.0962,10389198.8277,43238165.5317,40169759.2748,32746903.5351,29054105.6385,18760184.8607,19597554.047
2021,11110650,245134824.2542,10020099.5765,29383690.7819,72682125.2205,30769782.5848,32868122.7642,28783300.5509,18331329.8491,22296372.8104
2021,11110670,79346115.1525,1248383.7747,2774284.1814,10530886.7201,12562156.1246,13386201.9731,16336472.6156,12241931.3602,10265798.4189
2021,11110680,84101831.56549999,2629024.427,5621149.3635,12315229.516,10385821.1647,11131921.1838,18287903.9664,12495377.7099,11235404.2361
2021,11110690,42237418.1975,2965285.5007,4058431.4541,5186714.9659,6508391.7382,6671152.4226,6861493.9746,5102528.0284,4883420.1443
2021,11110700,71513348.8876,3514906.9416,4047081.1329,9760849.8993,11008397.2834,11365290.9897,13320170.5899,9327185.2445,9169466.8669
2021,11110710,114352712.7303,3262178.2427,4990347.8453,19363060.1934,19255898.2253,18410309.7283,20339296.1439,15211520.138,13520102.184
2021,11140520,217866503.6959,6029254.737,6506359.670299999,34153043.25,56071866.5044,53998604.5405,35882396.9663,16104461.0242,9120517.0053
2021,11140540,202722264.9867,2887477.758,4163324.3095,28926169.9821,45998253.035,45474522.5806,34945086.3153,22584968.9872,17742462.0884
2021,11140550,257388785.7563,3456160.3008,5638345.0667,49083309.8363,68724054.8339,60757797.4561,38577675.7624,18922634.8509,12228807.6417
2021,11140570,95674814.4872,2604120.1038,5721300.6833,20985234.9896,17607959.809299998,17301071.1235,15267625.9949,8721779.7027,7465722.133499999
2021,11140580,91693288.6002,1562737.8866,3812512.2398,21215738.0345,18732540.9352,16550666.0127,13717254.2685,9062643.4868,7039195.7666
2021,11140590,185314759.4634,2726183.6763,6242683.8699,36191807.8295,40800176.9839,36127008.5654,30116106.0305,19729831.8962,13380960.681
2021,11140605,143556745.21829998,1204492.2665,2190048.2742,21098843.1573,27764966.1268,29719795.0901,29286813.8667,18595356.5845,13696429.837
2021,11140615,200101794.9876,3392399.3681,6227189.8594,35159927.7747,47265839.5876,38239424.49,32077183.1404,21130151.2308,16609679.4516
2021,11140625,129034937.9733,6695046.701,8405721.0922,20183547.2705,23042714.5764,21028047.8299,18780787.0703,15088465.2522,15810608.1943
2021,11140635,135873322.8019,9077485.7089,7703448.0032,15555357.5015,22695672.6163,21875350.4682,19952115.9542,18096415.8407,20917476.6303
2021,11140645,105531817.7311,7607499.4469,8245197.726299999,13457798.3495,17838232.2454,15778334.4243,16288265.6148,11638480.9838,14678008.9088
2021,11140650,94750085.6075,5490078.6076,5789735.1696,14170218.7201,16141197.4862,15371502.5519,16232103.6261,11457349.7041,10097899.7004
2021,11140665,82200674.3698,4847109.6706,6051745.8483,10504406.2265,13205986.7667,12981188.4802,14216145.4427,9984286.5893,10409805.2521
2021,11140670,114271411.7228,7084111.8252,4794942.1702,17905516.8122,24711440.9287,18035338.3821,16484420.4046,12669750.0016,12585891.0755
2021,11140680,80788046.6711,3992541.9786,3658398.2746,10610595.1487,17432066.7471,16700621.1527,13093107.6537,7822574.5254,7478141.2187
2021,11170510,123934106.4674,6767500.0377,8855000.1278,17294259.6859,23304657.9051,21553587.7204,18463431.896,13859928.4561,13835740.6485
2021,11170520,106279255.5697,4182289.0022,6903525.4703,18887963.601,23085653.7664,17399728.4271,12720035.0375,10927703.1899,12172357.1071
2021,11170530,125792556.1934,2754958.7406,5321699.9366,23796867.9442,25808558.0733,23493738.9641,20189815.8071,13272401.8,11154514.9365
2021,11170555,192848674.8205,7698158.6843,16989084.5411,42469564.2036,35158979.9671,28509856.2617,26573968.6633,17815417.6009,17633644.8755
2021,11170560,185108218.4982,11795670.5608,9552637.0627,29141150.7947,43829015.7765,34325630.448,25768229.229,16182290.8284,14513593.7251
2021,11170570,124580855.9856,7889387.3591,11592350.3996,15275710.236,20855340.68,21212009.29,19468734.6174,14173143.0716,14114180.3812
2021,11170580,90909697.8623,6506226.8705,7992234.361,12977109.8014,15972821.1303,14345626.5204,13184755.2467,9095925.0665,10834998.8844
2021,11170590,78991724.608,5623006.6946,6172929.538,10193779.1281,14164701.3632,12505340.0325,11558472.9116,9043188.4475,9730306.4843
2021,11170625,392458775.8439,15284046.5038,18125611.6234,74760096.8554,93253792.7693,76800181.7776,54652930.608,31780606.638,27801509.0207
2021,11170630,240265577.4311,20718621.7778,21978595.1012,22767867.1233,34762459.0012,45820516.9256,38206978.3452,27516774.5242,28493764.5727
2021,11170640,65300246.2913,4606545.9436,4143503.2387,6951601.8704,11386026.0228,10960993.1772,9925177.6107,8742684.2699,8583714.1296
2021,11170650,98114388.6461,2580707.2056,4135785.4054,21527163.7095,21321608.6079,16328895.4606,13669912.6547,9126263.3535,9424052.2826
2021,11170660,99696509.8072,3501522.0104,4738871.4299,16447977.3415,24301914.5192,18692568.8641,12223015.1436,9207602.9611,10583037.431
2021,11170685,274648320.56,11038367.2867,11707894.2704,45708085.594,68566218.296,52158843.1807,37537264.9944,24499244.0463,23432402.9274
2021,11170690,145901056.7954,8003961.5083,13096577.9255,17763121.3133,22488102.1414,28054710.4635,24298206.3514,15765264.6585,16431112.5115
2021,11170700,95230812.2031,3296186.4581,5873631.5532,14917133.1323,18795818.1685,17002599.2316,14418707.695,10868904.684,10057831.2785
2021,11200520,126075015.7425,9290220.972,10584801.8968,17630816.6797,22793287.8893,20442877.9363,18274526.9113,13522407.8872,13536075.4346
2021,11200535,257950596.3449,23083081.7646,16297972.0986,42252760.6713,47396129.0498,40888868.4623,38521284.2189,25624193.6076,23886306.5009
2021,11200540,197555045.0852,11330191.652,15387891.3654,33552449.9556,32064237.7056,29668886.3688,29667684.5549,22050289.8495,23833413.6072
2021,11200550,188850093.2849,7004271.6709,17233872.6157,70092750.7939,27405077.5235,21209848.9491,19111719.2771,13372762.1219,13419790.328
2021,11200560,160549655.1108,8693010.3626,13937116.2133,30722588.233,27766068.9115,26201465.6041,23026188.2466,15295361.2413,14907856.3642
2021,11200570,179648840.189,16349652.5882,18593756.6563,19247967.9985,29009509.0653,30787389.451,24928213.5816,18794588.4547,21937762.5279
2021,11200580,99007858.8247,8628795.4564,10065652.5231,9780929.7434,15748753.7214,17358175.374,14515547.5155,10831601.096,12078403.3579
2021,11200590,144217277.0834,11079196.3652,12578433.9081,13847522.5982,27285175.3357,26002499.5623,19755574.6303,17181058.2577,16487816.3249
2021,11200615,181285548.9303,17395127.2022,14594904.7001,19523537.8478,30578259.2756,29749956.4387,26664280.0027,20310306.0089,22469177.4689
2021,11200620,112347500.7391,10500316.6992,6965179.8333,10717514.7561,20992512.2622,19817042.6886,16110581.9919,13302207.0003,13942145.4874
2021,11200645,257494300.5911,26154562.3726,16273251.5958,26563065.7483,48873531.4217,47154641.5495,34280401.8106,28296520.0129,29898326.116
2021,11200650,166383023.9376,8950899.7405,10847447.1065,27363107.8284,34096805.8441,28046621.9691,26318718.3537,17587480.5624,13171942.3054
2021,11200660,181595113.6438,9106878.2288,10630310.8385,34726376.9443,39583622.8181,31934972.6445,24700375.2039,16662393.4265,14250183.3493
2021,11200670,173335274.8169,9419407.3954,9563882.4507,26222101.8568,33515529.7641,28736316.78,31389507.3907,20472266.1817,14016262.8685
2021,11200690,280822657.875,10457120.1966,10396116.0474,60181807.5586,66010095.2391,50728252.7999,41251396.3286,24187788.5924,17610081.2339
2021,11200720,95437480.1966,3786080.0379,5116678.4146,19752084.8055,18253081.6317,15710704.7502,14492733.2032,9941562.4702,8384554.8997
2021,11200790,176775151.6066,6318913.858,11207903.5613,32060652.0931,30159574.4218,29648621.4153,28855322.2179,19370894.2219,19153269.5906
2021,11215710,302544015.3007,7129939.6231,19353872.2113,124172717.2389,53368825.0278,33117009.0677,28663610.084,20212858.7698,16525183.229
2021,11215730,171243692.5621,6636613.4082,10942743.8354,47805116.3438,33034377.4981,23093637.9623,20837534.6582,14881467.0872,14012201.7285
2021,11215740,138808505.6386,7775857.356699999,7462009.8144,24059833.9983,27179442.4386,21182712.9169,21550668.954,16244004.1121,13353976.1274
2021,11215750,160962390.802,10654273.9359,11951024.6926,25843229.447,30138108.6569,24176514.3431,24922080.8472,17570771.54,15706387.3297
2021,11215760,136844696.0018,8414482.6281,9499094.2203,18659024.2977,22793247.4885,20910835.3351,23067478.8106,16913122.972,16587410.3699
2021,11215770,225448236.5644,14830407.6212,19632025.8746,29879682.742,34486438.6615,31914674.7874,36989954.3998,29332748.279,28382304.07
2021,11215780,134561330.0865,8713890.4606,8676856.9233,26632199.3769,27604230.4054,20319061.509,17075865.3138,13209333.8338,12329892.2056
2021,11215810,322665592.0686,31698237.8707,53730005.0607,34703105.3253,37671251.4085,62254571.2213,47991612.4186,28632770.1585,25984038.6013
2021,11215820,219098176.6635,8987473.3768,16591722.7482,44306143.1463,38263698.7767,33890988.3201,33160776.5237,23275899.7147,20621473.8464
2021,11215830,186676101.3135,13788055.2917,14597468.8537,26419606.6194,33152363.4216,29649717.5898,27509192.0689,22289121.0615,19270576.3938
2021,11215840,208777140.0438,16692454.7144,20375228.7045,31667427.8443,34364856.9184,33503151.0279,31057576.2311,22257956.7621,18858487.8261
2021,11215847,216477825.0041,8971466.358,13147979.0422,42933316.6138,36194685.9758,32859786.9877,35859889.2171,25399333.2369,21111367.4793
2021,11215850,216495402.8615,12006788.9942,16511145.3975,40644392.609,40951757.7542,35299937.6304,30538790.1992,20934310.0371,19608280.2021
2021,11215860,189046644.0309,13757698.1204,19830278.0989,24871543.9276,27876456.3342,31322146.9519,28874826.433,21539593.1192,20974101.1646
2021,11215870,274562592.8088,22204119.9851,29326636.1513,38000753.9726,42468786.5974,47361988.3053,42526749.978,28468633.6671,24204924.0375
2021,11230536,342407993.3142,13598294.2162,17846024.5779,59339811.5782,58970045.445700005,53063430.4458,54571125.5135,41883295.2634,43135966.1326
2021,11230545,281618532.0756,12560833.6437,18299514.5371,55318059.0821,34262939.7644,35442249.587,40547865.9502,37530576.0187,47656493.7074
2021,11230560,282892279.0064,17488808.6241,22893213.6716,48809646.5111,41029240.1132,42565888.0461,41616172.3159,32912023.5007,35577286.2426
2021,11230570,147701349.5604,13146998.0628,16993678.05,20128326.1238,19097639.1711,23391673.2806,20805484.9982,16444653.8592,17692895.9329
2021,11230600,201136481.5443,18725426.3558,15434703.5536,25029915.9509,35440738.7533,33911826.422,29222255.6327,21797252.011,21574362.6571
2021,11230610,202588402.9745,12381265.5584,14665699.9576,23041320.5511,32589663.6739,32623372.7868,32642405.9023,26368053.4789,28276621.0585
2021,11230650,302662683.9562,17284914.5426,17760629.7592,41764986.632,58357425.36,52769075.9291,47061150.0709,36501875.3297,31162626.3037
2021,11230660,244623300.2487,22768090.6388,24262637.9626,27708775.6769,38960162.9854,41973073.6838,35655929.3026,26277814.0991,27016815.8154
2021,11230705,160452055.0725,6673194.1348,9807867.8045,22322273.2321,20490684.1115,21763226.8875,25866077.2785,24282355.2842,29246376.263
2021,11230710,179388215.5584,8634172.383200001,15826199.5211,56525272.745,23787740.2151,20661448.7237,19465494.8486,14911809.579,19576077.5941
2021,11230720,143851531.5779,5794108.8621,11127615.5941,40080569.4126,20549352.1058,18053537.8215,18738859.9386,14090898.1954,15416589.6657
2021,11230730,173644632.2904,10907053.3004,17844725.7756,39015506.3074,22265544.2533,23039101.0485,23263853.3046,17964035.9369,19344812.2941
2021,11230740,203541051.1366,8235253.192299999,20770672.1524,68260222.9467,23599006.8357,23703290.1533,22271133.7088,16483636.7493,20217835.5827
2021,11230750,141211751.4436,10498299.6082,14550870.7327,17477563.0855,18683880.0639,22440941.0479,20039644.5146,15831607.0304,21688945.506
2021,11260520,184213115.694,13364614.0678,14358527.5135,22422420.5972,25242865.8707,28796596.5938,32542347.7109,22551429.3041,24934314.1618
2021,11260540,149741610.866,11110561.2025,11298367.2899,17920262.3442,23691682.5259,23434184.24,23270101.1135,20197459.4241,18818992.7581
2021,11260550,95817923.2171,6754588.4471,7415825.6939,10989827.5594,15392835.3804,15336668.1402,16061135.5111,12055924.4332,11811118.0524
2021,11260565,249576733.5081,14297740.3606,16457181.0768,36458096.1444,39349472.5728,36497060.6492,44281773.5229,30758058.6796,31477350.3811
2021,11260570,177826190.7893,11150959.8514,11722890.2151,22458679.836,27253795.5431,26871103.2385,29029892.7959,24236169.5813,25102699.6655
2021,11260575,175877670.8111,9742113.9351,13310046.0647,25385260.2311,26049533.686,26636723.9915,29640972.7054,22123737.9753,22989282.2289
2021,11260580,163965886.7497,12620098.4311,14605564.9363,22588674.2516,26194964.0562,23550731.341,26034554.8267,19771678.9263,18599619.9277
2021,11260590,217253801.9711,8541245.3124,10089547.9617,40851403.1103,41599662.2295,32414031.3181,35510401.7516,25469293.1209,22778217.12
2021,11260600,149403583.7515,14381802.9473,13194371.109,18757712.8612,22059306.5723,20526711.2921,22484131.1281,18673879.1225,19325668.6126
2021,11260610,229206329.9598,13269891.9582,14236900.494,29829384.9356,32885331.5997,32304214.326,40819524.4945,32239744.1454,33621338.0186
2021,11260620,233243368.2212,17260236.0071,20927886.9264,30461536.2129,34405417.051,36992001.7956,34343022.2966,29025082.8223,29828184.7661
2021,11260630,160211865.914,10414054.7219,10971595.7325,21075163.49,25462949.37,24359888.0803,26563769.7279,20964774.9194,20399669.8697
2021,11260655,320022219.0797,21225932.8853,25399884.1837,39157740.3211,45333413.0041,47849485.575,55978989.5429,44740349.453,40336424.0311
2021,11260660,108601255.814,6388836.3578,8423772.5775,14025286.8448,13733033.972,15473674.8953,19614298.4496,15431149.9781,15511202.6449
2021,11260680,302923907.4014,33392284.7787,28947385.8128,33066612.0352,40712606.5193,46455608.0912,48097152.1468,36937456.5629,35314801.1907
2021,11260690,160707173.3766,12019439.8075,15830044.901,17923985.7305,22700858.6757,23208726.1071,26082813.5063,20748675.3304,22192629.2612
2021,11290525,187695411.7609,11865191.6145,18175463.7586,26326900.7799,27658434.7275,28912175.7273,29190418.5651,21313571.9673,24253254.6821
2021,11290555,223223942.5682,12419452.528,22305912.8227,44415820.1665,34722682.8248,34533289.6853,31326226.3003,20637728.6072,22862829.5429
2021,11290575,225068958.5334,13011194.81,25033925.8711,55264119.3792,33420915.3872,31986895.6627,26989002.781,18205834.7983,21157069.7532
2021,11290580,120124719.5664,8201795.0565,13694927.2454,13979902.3816,15365651.0748,18039911.2667,18340187.626,15345193.8486,17157150.978
2021,11290590,133859165.9454,14500476.8849,16589322.1522,13930334.9646,17479221.2158,22369453.7821,20030068.2323,13868555.9366,15091732.7444
2021,11290600,216834398.0115,6042721.9413,22978882.3728,76288537.2832,29524175.9887,22546900.337,23515488.9286,16747648.9553,19190042.0286
2021,11290610,138683681.1297,9168282.2118,10011524.3778,24277948.6661,21426263.0403,19790685.5658,21762588.5601,15789031.0093,16457357.6502
2021,11290620,126846483.9889,11825742.2114,14349978.7216,14494434.5679,17104560.6932,21877046.447,18417909.1595,13133697.9912,15643114.1084
2021,11290630,179549403.75,15166144.4751,16249073.1254,24051296.8705,25352115.4619,27672030.2673,26007367.7028,21467285.7691,23584090.1756
2021,11290640,131745669.1189,6562845.8475,12275590.8328,34134361.1266,16361152.2789,15846343.435,16713476.304,13436645.413,16415253.8844
2021,11290650,164185271.9542,12013952.1382,15476126.3082,21639702.1803,21432519.3048,25903511.9135,22592481.5029,20928404.5142,24198574.2065
2021,11290660,310127640.8687,44707818.967,46085239.0342,27830030.7383,36204983.7276,58448364.0241,38999800.5735,26189059.8526,31662343.7672
2021,11290685,144643974.9257,10597244.2492,14227766.3276,16822792.2573,20044700.9537,24906680.9537,22355195.1237,16709354.9968,18980240.0435
2021,11290705,342120934.6787,25273562.2107,34589591.3618,55308345.8256,46177050.4059,51313420.9885,50268248.557,36091169.5423,43099545.9211
2021,11290715,204912652.775,21814164.9191,24465424.0543,23364734.4544,27303416.8166,32371425.2907,28927339.1077,21846949.4071,24819198.5893
2021,11290725,203654747.9824,15257929.3901,17667330.6227,34653715.6729,30067159.8959,29616542.5097,30033544.7367,23020342.7084,23338182.434
2021,11290760,168048248.2585,12259793.8711,17228482.7908,21268858.7485,22652314.6782,25413788.2937,27136847.7381,21153346.0054,20934815.8828
2021,11290770,106953463.3139,6204162.3101,8659908.448,14508709.7974,13786055.2634,15626358.9806,17189345.3998,14602799.5299,16376123.586
2021,11290780,62536316.3472,4288182.8534,5855541.2547,8290515.5406,9308906.5554,10095073.1563,9355897.7756,7915949.0337,7426250.1996
2021,11290810,252328853.3576,17114293.1317,19943451.4381,36496706.2417,34211340.8103,38271581.5114,38416829.5147,31816918.3854,36057732.4262
2021,11305534,210693278.0094,14921073.0025,20135385.5134,24244269.2101,26838397.0623,31610910.4231,32734722.5463,26212275.7555,33996244.3775
2021,11305535,196330810.7396,7710256.0123,13408331.5675,32169634.551,25107799.3824,27219192.5318,33487640.9078,26621017.9469,30606937.9768
2021,11305545,304956710.7858,18115282.9846,25038080.4221,41949818.2132,40456187.9035,45920492.3124,49657742.7839,38115158.4256,45703947.8235
2021,11305555,235243155.1527,14898373.2862,20461184.5994,25755823.9135,28922242.1744,36415413.5779,39347260.9961,30738212.9879,38704643.7249
2021,11305575,204386507.5573,23522250.4386,27135244.7917,17523488.2266,24093237.7423,38681403.7483,28187746.8822,19994594.108,25248541.5467
2021,11305590,162714660.1733,6350405.9351,10253469.0107,27941058.849200003,23582191.8947,25833454.8105,26006251.5975,19525869.2253,23221958.9025
2021,11305600,122566083.2884,7783833.9769,10132303.8522,15281846.7884,14530887.0613,17692786.6402,19105574.5624,16578305.5651,21460544.9864
2021,11305606,139219091.014,10323430.859,12322964.2202,14309150.1603,15124295.4135,21416012.2588,21614585.8161,18682226.3292,25426425.7556
2021,11305610,165576918.3549,9651698.1215,12987571.4358,23405902.4307,20555466.0694,22705388.0968,26741888.5307,22200346.5025,27328657.3311
2021,11305620,172282177.0885,11727567.11,13850322.1621,20765621.3207,20659880.186,25210237.3972,27717011.3762,23252686.125,29098851.3569
2021,11305630,241857682.3587,9995482.1327,13734019.7268,46040164.4147,35396722.1944,36388284.3311,38950328.9481,29385988.7521,31966691.7596
2021,11305645,164836775.7204,9863402.0001,12378736.8796,21689018.702,20989674.8913,23767456.0053,26073937.0297,22097873.4851,27976676.7907
2021,11305660,256613513.4886,18239176.2287,19209712.7361,32666507.6762,32441807.0685,36667821.9011,40772672.4648,33607623.118,43008192.3522
2021,11320511,197564798.0049,12330378.6329,17892119.5499,24818715.8393,27700029.5425,31148978.372,30960368.4053,25123623.7963,27590583.8965
2021,11320512,255592511.6343,18138645.8863,20984131.0784,33618691.5406,37471037.7012,38559056.7348,40110786.2515,32042004.1747,34668158.2807
2021,11320513,98346960.4483,7495988.8133,8307814.098,11590747.9204,10770904.0431,15463021.8543,16691705.5244,12608401.8652,15418376.2844
2021,11320514,263202162.3787,17844752.5189,27761288.9424,30630912.0802,33776115.1523,41208216.6804,44903374.2062,32786185.3518,34291317.3963
2021,11320515,180618869.7515,14221798.0096,16804398.405,23492190.7557,25131545.1848,26756614.5617,28089202.9657,23991175.5748,22131944.2545
2021,11320521,157173454.3079,8993637.4626,10132628.5165,16745899.8388,17618340.0147,20745561.7497,26633025.5378,25498603.9116,30805757.3185
2021,11320522,179403057.6584,13998546.3482,12973580.6373,19978091.6044,23054916.9394,26153273.1839,27813761.4713,26825222.5705,28605665.0454
2021,11320660,151267413.4477,9747129.9073,14700278.5326,20287181.1739,18053467.5687,22445706.9299,22444404.5509,20573664.592,23015580.1916
2021,11320670,157843488.3797,10688255.9037,14193498.4988,19409315.7501,22227330.4323,22679867.0553,24498604.2971,21415306.3622,22731310.0501
2021,11320680,137297736.1267,8711124.7281,10302894.6507,20107642.5147,19957726.8282,19823986.4798,21152661.9322,17229480.4939,20012218.45
2021,11320681,122802394.9073,9198473.385,16101910.2602,13422234.6716,15103011.9796,17096696.2263,19630922.3212,16712590.4994,15536555.7634
2021,11320690,212229038.9706,13745745.2151,17355109.5638,25713393.8313,27415059.3206,31626296.0565,36735112.6435,29595948.5669,30042373.6174
2021,11320700,110298786.2665,6694953.9043,9085211.4619,12578178.3188,12506065.5052,15321801.9507,18347245.4274,15947774.2711,19817555.4309
2021,11320710,184771690.2766,15051459.0557,19260307.0215,18945515.9733,20489854.1052,25706735.0054,29033449.2514,26990715.1176,29293654.661
2021,11350560,211595684.0749,14425891.9901,20444354.4913,40060973.8785,27159692.4867,31722090.6837,27283337.8347,24433486.165,26065856.4331
2021,11350570,179735221.134,15233991.3068,18690189.9065,19382569.3112,21019292.87,26099361.786,26948080.3944,23015458.4162,29346277.1586
2021,11350580,235153598.3552,23584606.7432,19367848.9977,25643224.119,33099318.8935,36097338.6658,35116246.6591,29783944.1715,32461069.9312
2021,11350595,381497657.878,26828335.4464,30970092.189,63296303.0858,53865610.6411,56706730.1796,56114356.4428,47797006.3143,45919223.7521
2021,11350600,369894929.542,28645799.3083,48952347.2752,72424334.7729,45863984.078,54254835.5141,48696985.8165,35824494.5885,35232148.0779
2021,11350611,234756771.9505,11169077.938,35213076.2868,34102667.8756,24461200.5665,35059155.7164,38593900.4458,28296219.2961,27861473.737
2021,11350612,137751415.40899998,10610531.9139,18824266.0689,16600497.0413,16321365.4591,22340156.8661,21752606.4163,15784764.0226,15517227.6126
2021,11350619,196425230.4956,16514383.582,49823222.0233,19328116.2326,14762893.2977,37241605.1205,29212637.0581,14581260.3105,14961113.0773
2021,11350621,230605662.8481,18494752.4072,57711313.4073,21647426.1317,17498884.2846,45192632.9834,33295650.4178,17893684.6775,18871318.5627
2021,11350624,156852863.1303,11654436.4764,22056217.1636,16443219.9911,14530130.5298,24860455.9635,24356805.6065,17871556.3378,25080041.0193
2021,11350625,296478768.6123,24184372.0751,36282337.5472,32648707.6578,35337854.2272,48545896.3156,44635316.0616,33376676.9629,41467607.7351
2021,11350630,345654021.9383,27812319.6662,33687813.9332,39345268.7047,43840504.1029,49211618.5268,55950784.694,47891068.818,47914643.5681
2021,11350640,251356965.398,13745226.3114,27292149.4154,40107290.6737,31365071.0472,36276993.4183,41888433.1584,31022645.7932,29659155.6095
2021,11350665,188028457.725,10975117.8459,16401239.2277,20616736.2086,20358120.8543,26600982.9586,31697600.3961,28480890.7273,32897769.5342
2021,11350670,179080614.173,11353435.2923,18521864.1307,21585363.0672,19681299.7135,25376218.595,29671681.0289,24451838.1052,28438914.3995
2021,11350695,418871150.5374,33574716.2825,44899654.955,55607565.1907,57555537.6053,64313314.1155,66290662.8993,46523398.8478,50106300.665800005
2021,11350700,155827107.0462,21118117.6839,17231738.4927,15756642.5425,26438075.6139,23140985.2895,20039501.9419,15988088.6076,16113956.8415
2021,11350710,155005212.1278,13961965.3845,19889299.1051,17242345.373800002,20049698.1411,23245598.3141,22941048.3302,19153597.447,18521660.0293
2021,11350720,126210489.9719,9567544.3072,13645417.402,17655887.0311,17813201.1566,18667065.165,20052918.4596,14645524.8134,14162931.6781
2021,11380510,297967468.2207,17885652.6028,20596828.8029,38544063.9036,49336477.2718,46567532.804,46990456.4852,37273089.9725,40773366.3852
2021,11380520,290264974.0021,20465408.5462,21399023.1772,35787748.2563,39900339.6159,42262129.8116,46475482.5596,37367505.54,46607336.5094
2021,11380530,194465651.6716,10419851.0082,16063679.5615,26290484.8333,27488223.5777,28263826.0158,31248689.0063,26073089.4291,28617808.1236
2021,11380551,212614220.5599,10216515.8507,17917319.2845,34285086.6404,30317009.7199,30825484.8148,33773195.7003,26802342.4666,28477265.9948
2021,11380552,205443366.8538,14360818.0563,23005615.6254,28579484.0428,27894852.3462,33681279.074,29219615.0932,22639063.8897,26062638.8035
2021,11380560,230589903.9924,17689993.53,27435425.1118,27009553.5565,30123605.3867,34926316.5958,34612824.6325,26461354.8952,32330830.2343
2021,11380570,305973824.7563,18673915.2156,23592724.4494,43327678.5184,51718210.2341,46870338.7163,46902909.7351,37185059.8701,37702988.0062
2021,11380580,232216534.6201,15436958.2181,24988077.284,27944777.2676,41425274.749,39599839.9296,32154066.2722,23603726.7073,27063814.1903
2021,11380590,147386155.0689,18544229.0564,14086284.9002,13145491.4257,26257428.5535,27781319.7306,17809234.3614,14269661.3076,15492505.6614
2021,11380600,207249206.9035,10989588.2114,16618211.56,26269590.8334,33037025.7911,34617640.4416,31306081.2936,25214696.021,29196372.7187
2021,11380625,377367249.8121,31813002.1167,33646214.3368,47794029.5352,56501532.7848,61166232.3286,56270676.1521,41530137.1835,48645425.2741
2021,11380631,213766413.542,16549979.0143,19395158.8641,27131158.8515,32683125.6282,33500819.8286,32016848.2749,25133040.5615,27356282.6226
2021,11380632,133250135.7502,9338614.8552,13897630.2741,15914318.2458,18689593.6156,20189530.4784,20003142.2795,17250925.3446,17966380.6564
2021,11380640,109224646.9474,6951908.0268,9120933.764,14515821.4778,15866933.2445,16547361.8111,17092494.590800002,14189694.5442,14939499.6188
2021,11380650,103637942.2005,4622043.8981,7305617.2889,14371973.5691,18511323.1913,17186466.0505,17340846.974,12302534.9441,11997135.9287
2021,11380690,550769961.6684,56338018.3271,75580977.58669999,59217821.0296,71419307.70910001,96264144.3629,75785295.7952,57152137.5408,59012259.1487
2021,11410520,148510918.1143,11027332.9637,14183892.3612,18174443.8038,21181385.5741,25023230.3711,23509123.0425,16036292.124,19375217.5126
2021,11410555,327090905.7223,23958247.36,19792969.3842,48802594.6132,68051142.9804,63721964.2933,48578727.1033,29110325.3919,25074934.566
2021,11410565,331302586.5568,12678854.0197,24963264.8464,55111445.6677,66481547.2092,63391107.1545,50362993.8583,29406452.4118,28906921.3558
2021,11410585,424059789.7055,11114047.4288,27254975.8066,158548995.824,75333336.5264,50118006.2786,45237314.2266,28579463.7545,27873649.9538
2021,11410615,333156787.69,16048585.1972,25126805.7522,74867097.6953,57313755.4562,51389492.7919,44739726.5459,30171033.9355,33500290.1042
2021,11410620,209491404.5751,14551143.8536,20237297.5037,26190499.2775,27577806.0448,31392056.2964,33300085.7674,26162601.5884,30079914.3204
2021,11410640,141184473.5707,9334782.2837,13199092.0666,16398590.5363,17342083.1667,19907905.1735,23212699.6651,18321317.8055,23468002.9904
2021,11410655,84012953.1371,6574482.0131,7944045.5616,9626750.2133,11284837.1095,12997090.2139,13649137.8237,10740756.0523,11195854.1103
2021,11410660,127746246.1456,8522512.3721,12135819.0317,15089435.6775,17316326.1389,18481908.9221,20966509.0403,16675671.7869,18558063.08
2021,11410685,228742252.9541,13624698.0146,23450310.826,33588526.3454,31327909.0015,34811622.4331,35172819.7024,26781932.6091,29984434.0985
2021,11410690,125988498.7708,20871139.9957,11871920.7335,12029746.9697,18577229.5235,22709671.6554,15928086.7892,11505478.6741,12495224.377
2021,11410700,177532314.7825,11094649.1139,16929368.0539,32142233.3564,27415826.0737,27997969.0047,25200449.591,17521762.591,19230057.0088
2021,11410710,126298707.2377,13065824.8538,15250455.7376,12665709.973,16770163.3529,22377168.532,18275017.4859,13053756.2785,14840611.1196
2021,11410720,312523342.2629,20854185.4295,28910019.8843,43514399.1734,47928893.646,49596210.2603,45273596.8529,35683272.539,40762764.4669
2021,11440555,233469364.9553,25409734.3402,16253975.7527,29819164.3772,47598323.301,41712343.7962,32688667.7338,22266122.4537,17721033.2417
2021,11440565,331468138.9329,20882890.0317,22464283.3788,49631560.761,65539326.0369,57252870.2341,51649365.4118,33613112.6838,30434730.4153
2021,11440585,174551367.9825,12312172.1554,12307812.8558,22556999.9794,33134300.776,29828840.9782,26618917.8451,19279799.8579,18512523.5153
2021,11440590,258366495.8397,26176029.6238,20671520.1544,28294260.1988,47002868.2587,51411825.54,36349937.4784,24012110.8551,24447943.7524
2021,11440600,180648202.3061,6784455.175,16030539.5193,51839599.7069,29432681.8567,26913706.8816,21384220.2865,14084484.8889,14178514.1088
2021,11440610,109263437.0895,7803070.861,12620152.4577,16812857.5016,19278761.2611,20561455.2941,14243679.4883,8981671.2481,8961788.8941
2021,11440630,162258539.2379,11851664.8452,15282988.7243,25047512.8847,27282602.875,28164875.3557,22806818.6385,15068538.0955,16753537.8686
2021,11440655,233609688.8917,13848713.5378,19136175.0762,54762714.1633,42804674.4743,36169681.008,27988859.066,18855598.0725,20043273.6377
2021,11440660,554458811.1544,11763143.8026,39221671.9495,174924113.8953,121313914.2453,84155587.5071,55682393.3541,32938794.9948,34459191.3882
2021,11440680,193436578.1722,7783202.6333,8839322.662,43423842.1842,46304118.8891,31739346.9453,23738894.8901,16493479.0967,15114370.8993
2021,11440690,172670738.035,9085324.3956,11754492.4856,30938144.1647,37453619.408,28867753.5441,21246809.5225,15097125.2999,18227469.2755
2021,11440700,157144806.6131,10114746.3255,13259975.7512,23715685.6046,28143273.9328,28455546.0257,22168771.7706,14422374.1294,16864432.9573
2021,11440710,172184690.9185,6506561.8053,10902890.4604,42448392.3516,37611279.5442,28131042.7445,18203962.9792,13282031.6802,15098529.2402
2021,11440720,189685038.1634,10669579.7653,15830316.0529,31285899.8191,37112410.6494,36324971.2515,24706878.416,16484440.7703,17270541.4018
2021,11440730,308782885.2474,19612892.7594,27461047.739,45760421.3417,54044524.3804,54711336.3138,43325921.3758,29805097.6541,34061643.4045
2021,11440740,408848545.561,27810192.1729,37855155.343,63510516.3294,80875377.6709,86698213.0809,53492070.9877,31487960.8925,27119059.1026
2021,11470510,396357138.6925,32185628.726,66491821.3224,46055464.3522,52303455.5836,80520035.14829999,57065236.9569,33950563.6407,27784933.1616
2021,11470520,203687514.9658,14374843.2748,19824501.8825,29906760.8576,36837793.5153,31195877.2013,30104505.9479,22302222.1017,19141010.1036
2021,11470530,168512296.8014,12588799.2144,14395443.9726,22642006.6351,30027099.3709,25909436.473,25057986.3286,19708157.7455,18183367.0672
2021,11470540,163541176.3231,13964264.8583,26649465.0289,20064368.5508,19523147.5765,27517236.4009,25358983.5362,15592449.347,14871260.9855
2021,11470550,356233718.6167,35518996.6799,79480854.7991,31240607.1886,34093222.7064,69003866.8461,47683243.4637,30900375.7787,28312550.7045
2021,11470560,136521328.88840002,9130181.2464,9346072.6047,15158233.5121,20589115.6241,20885517.4411,21803126.7199,19828378.6168,19780702.9271
2021,11470570,137032867.6199,12695193.6526,12600549.2326,16020502.368299998,21444284.0765,20912209.3592,19146529.8582,17525692.3,16687906.9005
2021,11470580,120947091.9224,8643472.567499999,9788640.0826,14222689.6331,16750166.0196,18292346.0103,20601485.6408,17135509.1355,15512782.9007
2021,11470590,107359521.8819,12337978.2557,10491225.1739,10942196.6731,15234262.2633,17267427.6116,14994700.6989,13430274.4301,12661456.6648
2021,11470600,86375139.2846,8468354.4731,9169471.8989,10359853.9997,12225109.4024,13099022.2738,12884144.0127,10684007.3208,9485175.8195
2021,11470610,46107023.136,2812172.8531,4629587.2123,5148990.0359,7454037.8975,7316470.9176,7410532.511700001,6050862.0187,5284369.6885
2021,11470611,137214795.293,11593981.4506,12040729.0277,14513204.2686,18255485.3599,21871340.1958,21389034.0966,18846366.4686,18704654.5075
2021,11470620,165921786.9752,14466395.2083,26716193.3743,17509656.4316,19016040.9843,30942348.1533,25645012.1237,16598267.8234,15027872.8892
2021,11470630,119181133.4803,9408869.6711,21120291.346,12733727.2567,12861716.7979,21044347.8166,18589394.8355,12037858.3287,11384927.3758
2021,11470640,349284054.248,34144320.9991,43295620.8481,36639493.5048,46199288.9246,56978857.7465,52137801.1078,40598198.7597,39290471.7361
2021,11470650,290350640.2649,24663390.1628,28104116.8661,39246095.4137,43735950.9618,47053965.391,42695992.2332,31864974.1968,32986155.0042
2021,11470670,177705542.3177,16991054.9124,31798422.0762,16695848.1106,20169260.4458,33617793.3621,26513277.064,16812914.907899998,15106971.4323
2021,11470680,203144305.8403,18102418.9865,29357621.9216,19866549.9107,22381211.83,35109288.6787,30217816.1378,22981594.4885,25127803.7203
2021,11500510,282451026.9739,25009592.9526,27171733.8863,34063995.891,57364780.7438,53384276.0027,36226765.0869,27680336.3998,21549545.7789
2021,11500520,199244604.9542,12494000.6243,13011645.2426,33754304.9401,46962877.1502,30814675.806500003,25140994.2922,18711884.922,18354221.9877
2021,11500530,142679054.1009,12191734.6818,14395166.1997,18480731.868,24462169.2131,21295099.2783,19797209.6776,16821918.2207,15235024.8916
2021,11500535,333630880.4014,17650423.8781,27962385.819,49101640.3553,58051979.7396,51140383.3664,46721224.5526,39011411.1847,43991431.1165
2021,11500540,425563046.4323,27258091.635,23420191.7243,69242095.5151,83112425.0143,64718836.8424,57467798.6441,50353966.9505,49989639.9614
2021,11500550,116516425.2107,10557053.8305,10181607.4368,14473941.1406,18970746.7851,19690340.1978,15636901.2236,13162001.5303,13843832.9359
2021,11500560,165187484.0834,12755152.1649,15772239.0713,21007261.6069,25251911.4504,24931760.9765,22830635.208,21942921.4045,20695602.3488
2021,11500570,157103505.519,14417958.1233,13246356.0831,18416216.8736,24619190.129,25391805.3127,21790737.6065,18442238.1736,20779003.083
2021,11500590,256838856.2477,21778637.2532,19268988.9118,38829764.4658,47238336.9387,40377298.3546,31683946.9012,28967098.9288,28694784.5155
2021,11500591,180715099.8314,9851660.4241,11437460.9021,29606820.6942,32992101.8258,28700348.6537,26242037.245,22206307.4557,19678362.5758
2021,11500593,242019272.9652,15970806.3886,17103394.2093,35873351.1958,43440042.1868,39144433.0822,33645870.4427,28042706.085,28798669.4761
2021,11500603,405001529.0737,19594677.0621,23359938.9974,75689132.8184,98604890.0532,74249333.66239999,53292761.8497,35029354.5109,25181440.109
2021,11500604,132354786.567,4911320.9367,6349829.1918,14808096.5559,23961506.3243,17498271.917,19756045.158,21152231.9318,23917484.2788
2021,11500605,96253315.7674,3990420.7403,3941250.2697,11001622.942,21579500.1879,15327252.9379,14263103.162,12309464.6291,13840700.8554
2021,11500611,310591098.795,35770897.5549,46125957.1028,35737318.1859,40483763.3149,55323427.3953,42075311.057,27886764.4805,27187659.6871
2021,11500615,308085368.8399,27526075.606,38337405.7502,40401603.6937,45664362.4275,55175172.559,40475504.0975,31879000.8121,28626243.9068
2021,11500620,301165897.092,34068620.6227,20582023.7125,41910782.4693,57467591.6202,51162504.8989,40599506.895,28980764.6053,26394102.4481
2021,11500630,290465173.8959,32498309.8726,27212026.2773,31019318.3297,48858112.9772,48454589.4799,40130052.6546,33256855.5028,29035908.7885
2021,11500640,220196880.0342,12252948.8024,13797360.7297,29940597.257,38174315.2355,34071432.8344,35607272.4004,27724869.1794,28628083.6043
2021,11500641,153154286.91,11610728.1953,12051990.3424,14809411.1661,26687228.328,24110871.6032,22661464.0001,19951222.4915,21271370.9259
2021,11530510,289191712.6527,28645143.3141,25602340.0943,36274817.3771,54195723.2958,53078681.1402,39644978.5597,28812560.2495,22937468.3992
2021,11530520,150728406.9237,18949933.3916,16496816.9523,16453279.8567,25248615.5534,25365252.8468,20221798.5193,16156596.5787,11836113.2422
2021,11530530,291014811.1114,11516465.1936,14630185.1926,36381094.3178,49169074.6705,54386983.2824,53207326.7051,38445488.8057,33278192.9677
2021,11530540,342674424.5194,10427934.8252,11021751.1166,67457945.6988,87157900.9396,72690126.7037,46175537.5035,26882422.7607,20860805.0713
2021,11530550,150122259.61,7616197.7183,8208935.3718,16722977.2579,24856498.5065,26090745.2578,26850596.7824,20073891.7095,19702416.9675
2021,11530560,275061669.3917,13817388.164,13197537.5781,45520730.558,57318094.4938,47226595.8878,43064705.1729,29999654.2059,24916963.319
2021,11530595,98770318.0841,1558746.8604,2353390.0526,17781076.7194,21429790.1856,17728307.6894,17801298.3939,11268617.4019,8849090.7681
2021,11530720,194719196.5455,15357238.9783,20453114.3593,26146780.3545,25338969.7427,30600470.4259,31650125.409,23900188.356,21272308.9642
2021,11530730,159483088.0136,15696010.5463,16603868.3959,18170390.6774,19722295.5387,25325757.7218,23980633.4241,19695740.5861,20288391.0568
2021,11530740,253531195.8938,19066661.8882,21310128.3334,29964883.6187,36985231.553,38580525.6434,40122857.2121,33090291.562,34410616.1135
2021,11530750,214875128.1334,19351272.4186,17598167.7904,24844599.0937,32911667.2869,32783127.6532,30661562.9972,28440767.2013,28283963.6238
2021,11530760,139863849.3717,13630626.4822,12259002.0188,15254175.7432,18939370.787,20867114.4113,20313048.4961,19359336.7743,19241174.5933
2021,11530770,133968991.2047,8111312.3642,9696086.9707,21443945.1104,23500021.8867,19378016.4014,19188928.6674,15634194.7657,17016485.0523
2021,11530780,455164544.3318,55132239.3462,42863529.2621,47936132.5598,74460489.3266,75115873.47839999,59272520.1387,47396560.6991,52987199.370900005
2021,11530790,200949213.2409,15123108.2187,22643502.8956,23474802.4236,28970193.1333,33419098.9623,30148507.0206,24713696.9309,22456303.6402
2021,11545510,507954395.4414,9441084.8464,12160972.5384,116009598.4305,135866897.45769998,104364149.0085,73665530.73359999,36551504.2931,19894657.7402
2021,11545610,304523063.0707,19232213.1078,14270552.8003,50109099.7033,63768676.5927,50645525.9069,46931113.6975,32230754.4465,27335127.0398
2021,11545620,127078406.2024,5778029.2275,7246112.8429,17946213.725,22356966.7778,19318952.608,22109868.4789,16937883.8118,15384378.682
2021,11545630,182929563.8538,7873375.3307,9763763.9275,27203026.1757,32914740.2705,28531711.3637,33116736.1566,24731046.3556,18795164.3743
2021,11545640,101230276.6581,3937881.4424,5842119.8354,14492120.6992,17395101.1778,15933966.0084,18631865.1365,13626607.208,11370614.991
2021,11545670,248088812.445,16042049.1409,18322878.9781,31770609.8324,39158051.4633,39894691.8966,41485837.3952,31472550.7209,29942143.0403
2021,11545680,141738706.0126,14492353.2558,17057192.6219,12589636.1041,16723895.6367,23023231.3735,20309107.2796,19089355.3524,18453934.4652
2021,11545690,87886250.7942,5410464.2998,7300960.5977,9557065.0885,13305028.3725,14272501.5682,15566931.8116,12864062.1998,9609236.9396
2021,11545700,108185658.6418,7592364.797499999,9015492.3399,12983805.9901,15083403.7952,15628032.9749,17858582.927699998,14591449.3148,15432526.5981
2021,11545710,105828978.7941,6960564.2351,9449952.7831,12593814.2404,13976894.6479,15862847.7473,17008021.7669,14261148.5831,15715734.8016
2021,11560515,166088493.6977,10184470.9156,10279677.8506,25977358.0432,29968006.3374,24917204.8337,26884676.884,19353979.0842,18523119.7245
2021,11560535,436198808.0908,20791372.6816,18994102.0531,92454256.2365,103693244.2928,70475570.3276,58062451.9713,40221418.9238,31506391.6676
2021,11560540,743887445.122,29651034.3458,34824288.8942,116935979.9131,185930617.4227,163824118.8204,102665142.417,55864646.7412,54191616.4576
2021,11560550,203181840.3071,10367186.2942,9489757.2731,32985079.1115,43681214.5006,34255312.1229,31667534.9273,21955560.1498,18780195.9495
2021,11560560,323612125.1815,22424915.6324,20118355.5447,61652482.9579,71600929.5012,51332549.8424,41150546.6767,28033493.2155,27298851.5418
2021,11560585,124171887.8999,7988535.5253,7420656.452,16694935.8792,23122603.2029,19568250.6063,20260970.6164,15329179.3015,13786756.2255
2021,11560605,353784335.9229,25679033.8938,25093941.1776,44255794.0918,71357524.3561,69054039.8948,50110822.6112,35466908.3894,32766271.5491
2021,11560610,168390847.4941,11660859.6869,10402446.4336,25314805.3712,39217836.8921,30495095.9665,22104853.8503,14479241.0304,14715708.3679
2021,11560620,252033120.938,15208677.9283,17363100.9092,39915920.2555,58936873.2453,45566868.7446,35478835.605000004,22457167.9307,17105676.3916
2021,11560630,154351230.4667,7162050.464,9797937.8808,26493717.4843,27267900.5673,23420993.8637,22902043.4346,18265180.4024,19041406.3215
2021,11560650,118303655.4596,8189471.3747,9364014.4596,14473744.7836,18809054.1763,18153390.2938,20535309.4226,15304553.6391,13474117.2536
2021,11560660,67518436.9554,3307933.815,4934776.2139,8439872.5624,10989922.9976,11041784.5762,11280975.7655,9050705.7776,8472465.2782
2021,11560670,60087470.5832,3465867.3441,4813841.1546,6539574.8317,10161196.9026,10012075.354,10007939.3926,8080923.002499999,7006052.635
2021,11560680,195481052.8826,16902826.8565,17295222.3255,25384101.8123,34273539.8378,32055890.0933,29352221.5026,21156025.2057,19061225.4011
2021,11560690,125095650.3065,11994061.8964,12509881.1067,17006191.972,20125496.7222,20385894.4664,17999484.357499998,12754241.3487,12320398.4213
2021,11560700,153833717.4608,7917088.8403,9792939.8204,18342866.2201,26050770.4439,24861598.6822,26625061.6422,19826757.0939,20416634.6841
2021,11560710,149525796.929,4219105.3319,5374271.4163,19585503.993,27976309.2217,26417926.5375,29790986.7288,20932883.3151,15228810.2896
2021,11560720,218173172.9241,11038132.5035,12786899.0505,28155905.7301,37121975.0064,35942760.503,40586869.7951,29967056.2524,22573574.1772
2021,11590510,314250696.9173,13549137.2435,18998793.1024,88390893.1288,61190778.3322,40805453.7919,35520500.1343,27025365.8488,28769775.1586
2021,11590520,157279431.8935,3690570.5467,9531051.627,33591091.523,26746234.873,21906508.4553,24431308.0899,18381591.3531,19001075.3096
2021,11590530,393588241.5152,30177556.9311,32739345.7373,85233361.3594,56342088.275,54498836.5519,48985886.6299,40795586.5719,44815579.3877
2021,11590540,196451115.1282,17053721.3534,14360477.3433,30060378.846100003,31760661.3873,30926060.5635,27135206.6826,21281961.2744,23872647.7202
2021,11590550,161154326.9677,12120499.8495,12211140.2409,24726594.3463,27763497.1548,24272844.7022,22027004.9407,17863642.44,20169103.393
2021,11590560,206695298.9925,18590874.4834,17363616.1793,27614692.576,34426897.2012,31092444.1768,27932332.7242,23648888.4273,26025553.4579
2021,11590605,271543711.4999,19561766.2738,20843786.7577,57530765.2023,38092596.369,38858801.2163,36122956.1191,28812867.0285,31720172.532
2021,11590620,222766597.4065,11259047.614,11956825.8141,43257718.133,44882372.0782,32615292.0495,30140556.3175,25833594.4283,22821190.8352
2021,11590630,274234882.5279,23862790.8099,21261003.7788,34538390.6184,42118422.5118,42469496.9477,40625175.0694,34540536.6421,34819066.0091
2021,11590640,172633320.0214,14092682.5699,13928015.9579,20899093.1735,28293232.6415,26556704.3628,23918571.569,21899899.0413,23045120.6722
2021,11590650,115501399.872,8526416.3026,7494706.3809,18185380.3108,20367157.2769,18090637.0365,15407269.5323,13869538.3776,13560294.663
2021,11590651,95848908.6199,7130509.2229,7708105.3839,13373919.8911,17031590.6869,15727533.299,13189413.3965,10909278.3681,10778558.2894
2021,11590660,365969784.592,21521460.0292,41899362.5022,60037439.2758,56511732.6441,60936682.2988,51255595.1769,35471301.3644,38336211.3724
2021,11590670,145968505.07479998,10460869.3231,14809850.6432,19807613.5105,21165916.4369,24174998.6902,23328249.8371,16699321.5424,15521685.0719
2021,11590680,212402468.3701,14422044.3902,16346860.1536,32677392.0776,37876513.1649,36919397.3874,28514354.3582,21261061.6269,24384845.3065
2021,11620525,162070804.5195,9575513.9374,10606881.3109,30074546.6834,30476432.876,24873834.8034,20521469.2382,16515636.3196,19426489.3004
2021,11620545,89328818.3769,8519523.2498,7427887.830800001,10242283.3878,14552841.723,14955461.6805,11699759.1044,10085923.7146,11845137.7035
2021,11620565,216195216.1101,18959870.7132,23706756.3892,25978975.4966,30004319.1312,36995232.6277,29533313.9378,23105735.128,27911012.5991
2021,11620575,210616804.4816,11627984.1969,12133340.9969,49670938.8057,44195526.909,28498573.3114,23716418.2605,19136806.744,21637215.2833
2021,11620585,208675430.8701,8576517.7312,19232590.6065,64408134.7301,42034728.0573,25685303.6679,20146888.5066,13440784.8282,15150482.8105
2021,11620595,336197013.4491,10331712.5029,20630819.1591,101153613.8127,64166499.1141,41275127.4705,37534123.9366,29725303.5803,31379813.7095
2021,11620605,242116911.6744,16059026.3869,18559027.2104,39513397.6121,42027308.9371,38732660.9174,31956626.7408,26954120.9567,28314742.9362
2021,11620615,151211441.0582,6686485.8567,9756769.3049,37217887.4456,29584604.94,19955878.5806,18125205.9163,14211783.395,15672825.7103
2021,11620625,211581580.7479,10818162.4713,15096926.2429,44675694.1806,43375897.1885,30036349.7443,25732099.0885,20374166.1339,21472285.7132
2021,11620630,200188854.5895,13073928.4359,11829856.8142,41316502.3023,35330655.8148,27082416.1826,27401199.4676,22542098.1296,21612197.4718
2021,11620645,195539501.0232,7221887.5801,9525927.8833,53950731.5164,40076028.7904,25123882.1777,22584694.0459,18220553.3,18835795.7253
2021,11620655,142533168.09329998,4356932.631,7447114.9515,34679807.7084,27740288.4855,19909769.9133,17818086.167,14450169.5887,16130998.7715
2021,11620665,156150029.4729,6460097.457,8649229.924800001,39682745.8348,31446682.266,21458684.7445,18353744.8535,14498771.7404,15600072.5721
2021,11620685,184927643.0227,6961870.3674,9580549.1875,43309087.7295,35417376.5578,25502766.1452,24590605.3196,18673263.3279,20892124.2799
2021,11620695,239997556.1763,5225972.6963,9208598.0239,78184635.6122,54786099.2538,31626627.7657,24551318.7457,18124409.0317,18289894.9255
2021,11620715,97575063.1083,10102416.6195,9536073.9375,9147377.6659,12282882.0053,18363951.7613,15057365.2457,11362999.0236,11721996.8477
2021,11620725,237820002.3373,8310888.2079,10312953.2483,49845488.7158,50247909.7693,38548066.0289,34643753.4141,24909774.9442,21001167.8863
2021,11620735,276709487.6053,9089389.7744,14928729.9664,87588818.2467,56285206.1213,38383864.5812,30342039.7815,20570192.6672,19521246.595
2021,11620745,191243138.8946,7181799.056,14596337.9872,28481496.5022,25934315.6045,28597265.2488,29813220.8247,25498928.1015,31139775.669
2021,11620765,195418352.0936,14751910.2896,17745470.8431,29067644.9049,28846865.6736,30816914.8379,28426352.4328,22599476.7983,23163716.7188
2021,11620775,162380551.6948,10870500.5311,13979159.3208,22304494.1443,22353251.4557,24287923.0845,25723304.0848,19939583.9121,22922335.1106
2021,11650510,272801065.8833,16646390.1856,24520866.3259,39230636.333,51181495.5194,53252766.5637,38261765.9087,25595537.1471,24111607.7578
2021,11650520,365070150.1268,16573971.8629,25225832.9068,63202916.7962,85723957.6549,74001801.7275,48761212.274,27772654.8723,23807801.8746
2021,11650530,567160300.1676999,23981954.5734,48231537.4337,88404447.6423,113250624.1514,111489769.1041,85591717.00209999,51692158.6127,44518091.8897
2021,11650531,357131134.1989,23279428.5345,37391885.0413,64076865.5757,65020834.2227,68706417.511,44795510.436,28515427.7579,25344765.1941
2021,11650540,294506545.2375,20433591.2751,29976023.8567,38380732.2758,50942323.3871,61847006.3097,43314165.0794,26091993.4656,23520709.6372
2021,11650550,66592632.2447,3011361.894,9797267.7596,7380051.95,7049595.4425,12972856.4985,11267571.2722,7052761.6742,8061165.7809
2021,11650560,288159342.0028,21807906.0586,25787476.179,44707440.4628,58237431.2459,59087300.5227,35070623.2254,22715183.4277,20745980.3452
2021,11650570,145808862.0568,14851284.1346,22135813.6355,12954396.2349,18146748.8739,31234685.4171,20814431.7897,12815825.5697,12855676.3539
2021,11650580,181202786.577,13453788.5584,22053647.7682,20817357.5617,24391024.5098,35374886.7603,27946977.646,18582783.8776,18582319.877
2021,11650581,364673459.7676,30256594.5752,36402301.1019,45585169.7145,59003590.6092,70935169.0435,52203508.1592,36497754.0228,33789372.4178
2021,11650590,190590790.9159,13374377.5542,24583261.5496,20595921.3662,24788232.1289,37513531.9263,28507419.6354,19403691.0532,21824355.7159
2021,11650600,184018675.8435,13449161.1559,16620564.1861,27127918.8511,32512432.3965,30979950.8452,24648813.5291,20269470.737,18410364.0491
2021,11650610,186518916.101,11289982.3217,15258186.1486,28619922.9116,31398933.1596,29274614.3203,27034489.2748,22133182.934,21509605.1404
2021,11650620,180182801.719,11468425.8206,18809024.4582,22213872.3722,27762231.9847,29308792.7558,28539563.3694,22235694.6546,19845196.2901
2021,11650621,224897170.6756,14970433.4794,24310044.5231,28609967.4115,34601413.1523,40559864.6906,33797499.1918,23265087.4491,24782860.7356
2021,11650651,446679988.159,45321162.3702,34061261.3844,54278020.5868,81789109.3995,86665675.2721,59524370.7944,45823585.7123,39216802.7509
2021,11650652,332818887.5982,18330375.0287,18759174.4303,44440860.3333,73511453.0656,68015745.0911,52715116.7052,34214125.6357,22832037.2413
2021,11650660,219176865.2748,31284141.2683,13765931.8659,24154003.7709,32623357.8745,38835130.7572,31856809.0415,24561659.4101,22095831.2425
2021,11680510,307912910.3404,11653891.5543,24719766.4888,58642193.3774,64914750.5335,58214045.9748,39828097.725,24932425.605,25007739.193
2021,11680521,362453278.4124,8022064.6644,14049505.3946,83195477.6305,97088587.1911,68811275.1536,41878340.2998,26726216.0703,22681812.2647
2021,11680531,378154008.3702,17021449.5206,18080477.681,71886656.932,96310823.2471,77828345.9395,44644450.69,26539564.9764,25842239.5316
2021,11680545,368690245.5003,24597584.0943,31367586.6734,59580764.6106,69709292.98,69474052.901,47800521.0794,31995994.2848,34164448.864
2021,11680565,382823335.826,19248416.2858,23828763.7005,63001165.8844,84423256.4531,74781165.8584,52730334.0724,35666343.9185,29143889.7238
2021,11680580,322817937.4119,11058823.2906,18344563.9255,57537996.9467,81975359.6305,69681513.3662,41948389.1668,24804089.3766,17467201.7271
2021,11680590,341064014.0714,19741424.1924,28826673.5926,51738382.919,72425665.4083,75387550.6046,44449152.0216,24285774.5499,24209390.7429
2021,11680600,246529577.1953,21123204.9821,68646245.9913,20620798.6262,19262345.5328,52479545.429900005,31154938.0569,16915417.5676,16327080.8967
2021,11680610,434799043.7729,22353218.324,77327863.3231,55461805.668400005,68008192.0338,85673733.8018,59076798.1769,36292241.1911,30605191.1226
2021,11680630,324810240.3758,17167293.3136,63838123.8984,45905910.7067,53669449.55,63786149.6439,42272336.4066,19769994.7042,18400981.3452
2021,11680640,860168744.4314,14279383.77,37816112.4602,206041954.9808,240994999.7994,165758359.1545,98900868.5588,55669543.1158,40707522.5854
2021,11680650,456789720.274,31989243.3397,54424437.0286,65301659.2961,86954975.2721,101594894.7064,57493085.4551,31193302.8903,27838122.1461
2021,11680655,283737513.5214,25210852.9419,29827381.3641,33970521.8513,46324781.9444,51951898.6691,40745824.084,30258353.76,25447898.8332
2021,11680656,273338262.0227,25429126.6393,39378037.0529,27134390.8546,34977407.9672,55998410.322,39499462.6232,25854417.8847,25067007.8147
2021,11680660,78657892.33320001,6192013.4113,8034068.1119,6735545.2238,11294384.3779,15006085.6339,12286842.997,10168047.5599,8940905.0325
2021,11680670,194373180.5484,12920878.6347,27628908.8155,18239951.2991,22910702.1136,35521154.3756,30310864.9807,24208203.0188,22632517.4005
2021,11680690,148963534.4123,10060741.1653,15471546.4232,17643350.2257,24379141.3911,26760052.4955,23930839.4325,17832070.1894,12885793.1828
2021,11680700,403185979.8544,65114811.7933,46627888.528,38351789.4445,55591377.728,68016157.6959,48672859.9302,40080644.4493,40730450.412
2021,11680720,218146197.7565,20845478.3948,30970032.3588,21350597.4364,25759802.1553,36741324.8198,31867114.3424,26824131.108,23787716.331
2021,11680730,153075390.5332,8777672.1536,13398989.846,18788583.5675,23284706.5433,24002708.472,23616805.3465,22273912.3397,18932012.2274
2021,11680740,134974616.4619,10979687.9351,14486763.3846,13659024.5126,21394488.6133,24244557.9301,20510658.7292,16044412.7367,13655022.5704
2021,11680750,211130420.4699,14377057.9998,12862913.8985,22360973.8742,36544389.5122,35511091.1193,31118814.0619,30195844.6189,28159335.3314
2021,11710510,138353577.8716,9009666.8858,10474212.7189,16126393.8838,21489215.5079,21823727.5711,22334082.2857,20179433.2517,16916845.8249
2021,11710520,328851168.5249,24102341.4146,25181405.2658,43381757.3629,56867657.046,56696157.2583,48786443.3722,39527338.5213,34308067.7822
2021,11710531,109509611.3376,5584444.7395,10197183.8071,13688280.9094,16638130.467,17388762.3236,19005694.9242,14416686.2644,12590427.789
2021,11710532,134681296.9087,9805066.8348,12745564.7537,14005577.5563,20554475.9875,21692439.0296,21720965.958,17233985.660099998,16923221.0791
2021,11710540,112212980.7168,9395982.2666,10287342.6977,11477103.3866,14286363.6008,17588298.1308,18666543.8433,15768641.0637,14742705.6884
2021,11710550,145393810.6985,8356462.0284,10911088.8909,17046446.4049,18815461.6653,21480245.5992,25614634.1293,23223529.2273,19945942.7465
2021,11710561,165128374.9409,14106637.1457,22971125.6705,20150779.7284,23849107.4749,26672658.8712,23930943.8285,18059484.0377,15387638.2434
2021,11710562,294528674.6498,15614268.1908,17638364.3746,55770597.5388,66433071.9968,48149869.4434,38690389.5713,28791639.3012,23440474.1052
2021,11710566,161049223.8861,9108133.9866,22279693.9625,18935887.3097,19321300.0087,26242626.468,25169634.8946,20908017.75,19083929.4146
2021,11710570,331462419.6009,28821761.712,35965264.1544,38505797.7323,46312907.2535,50841883.0673,54234901.4185,42777174.508,34002729.742
2021,11710580,258667133.3263,18530555.7987,20646293.5397,45190957.3806,52746255.7308,39663288.4322,34056773.6694,26276591.3948,21556417.2803
2021,11710590,174929468.6675,16629457.9545,21626354.97,21362636.4766,26580727.3188,26975704.8184,25225600.8646,20713877.2305,15815109.0018
2021,11710600,295114096.4983,20272856.9296,23296917.8004,43979952.2363,63071964.5111,48961309.8884,38967132.2051,30906671.032,25657291.9305
2021,11710610,271149180.4214,20764991.6326,22343557.393,40221226.0239,56374563.4141,45608040.5171,36012898.0205,26492874.0162,23331029.4621
2021,11710620,332396007.14,22237427.5948,25560976.4162,45099066.656,61366059.6972,58153644.1103,56063929.4033,37985155.4374,25929747.8542
2021,11710631,243778333.4925,16487469.3829,18282778.844,25719411.3344,45228822.8877,42820470.6808,41202748.5075,32070442.3844,21966189.4694
2021,11710632,245097187.7024,19044131.5076,28837738.5239,28782522.6175,36418881.7344,40000360.0565,37557673.5158,30096946.6323,24358933.1248
2021,11710641,182521622.0132,11624017.6032,15524965.7046,27004700.1487,34637033.2959,29129033.3404,27319354.8423,21958073.7368,15324443.2636
2021,11710642,357057356.3218,11372336.2186,14374557.9868,61521923.5213,89467528.0161,71891249.8013,52666222.8125,32138864.017,23624673.9021
2021,11710646,298711698.1497,25802790.7823,32332383.5727,36614557.0079,52753766.2251,48340104.3515,43119224.3947,33118043.8123,26630827.31
2021,11710647,326818395.5563,62141130.7931,38524992.0522,28266323.6031,54915257.3403,59546548.1613,38685597.4402,26116896.3882,18621649.7279
2021,11710650,300983994.3747,21152632.8852,26894344.6627,47879174.4792,58132312.1464,51387717.5201,39448183.6643,28875080.9067,27214548.0682
2021,11710670,299179053.2299,36165736.7194,48447011.6813,27194789.1702,36706942.7758,63986053.9445,38713596.9895,24733936.1909,23230985.8423
2021,11710680,333793899.3076,33155852.8348,39534982.3328,40802255.0692,50656292.6613,58370531.9841,44918583.6186,35513715.1427,30841685.7193
2021,11710690,178412422.022,27129304.4993,19195754.9292,17917263.4646,24887165.6165,32262907.3353,22453858.1613,18092806.0352,16473361.9793
2021,11710710,332839668.6657,17440446.8156,26834783.6183,55270211.7385,66975427.0185,60116597.9293,47522054.07,32328067.4963,26352079.9917
2021,11710720,86987340.5519,5796795.843,9866495.7008,9380629.2619,11438477.6816,13953252.3695,12526365.8318,11061520.0923,12963803.6949
2021,11740515,413043104.0481,46050916.5965,49151467.7813,39828979.0551,66012698.400800005,73097536.7411,54244078.9684,43208229.3679,41449197.0614
2021,11740520,324394791.8456,17493734.05,42489646.1726,32117522.2008,50486662.1304,60549420.7714,48016292.1418,40903341.0808,32338173.1925
2021,11740530,252596201.617,19390616.6034,30636187.9762,27154582.8768,35782060.5515,41292808.8609,37731805.0145,32972472.3265,27635667.4823
2021,11740540,146190181.5381,11427718.131,28773935.2741,14837907.1043,14950326.0512,23749511.8359,20911917.0497,17760286.6785,13778579.4842
2021,11740550,219092436.6314,37010838.6766,32777486.8398,17644168.3843,26564316.1991,40396206.325100005,25995508.3752,21898130.6014,16805781.2445
2021,11740560,177314561.7718,11506546.8239,18062302.2427,17015646.3784,29196706.4062,32376114.2138,27190344.9302,21992169.7364,19974731.1452
2021,11740570,253462948.6639,19394139.0228,23109496.044,30648123.0197,38542965.4653,41843096.1657,39429454.5018,30903260.4677,29592414.0497
2021,11740580,122291387.8467,10441165.3775,8779002.3186,13497900.5862,23268671.7673,20558068.3256,18094785.3808,14742769.0222,12909025.0908
2021,11740590,130719970.3137,17157416.0105,15403564.4761,12348903.3484,18121079.4835,22738034.3355,17875574.523,14347885.2202,12727512.9453
2021,11740600,302197078.8315,25837552.7587,29111925.8216,35617689.492300004,45139869.3162,47280466.4566,45349863.732,38402572.6053,35457138.6795
2021,11740610,388893436.4493,24311759.4153,25550049.4224,51671160.086,67922946.6735,60594693.491,62875915.6859,50834105.7454,45132805.6699
2021,11740620,249981501.441,14618025.6998,15213000.6959,38306673.6611,45153351.6554,37791225.812,36883524.5992,32064609.61,29951089.5884
2021,11740640,218470717.5286,17520465.18,20391558.3626,26403685.2124,35543489.3861,36445196.2256,32732390.5974,25061359.8774,24372572.6432
2021,11740650,227487597.0515,14600732.6648,14128596.037,31569439.035,39651776.2136,36056318.4934,34976377.0603,29321427.8309,27182929.6979
2021,11740660,236410119.2513,13486523.2604,20480902.1995,32768364.8543,36978745.3094,39926112.1397,38740757.7178,28757439.3603,25271274.4384
2021,11740685,456361143.3397,32196119.2527,34435991.4547,59205419.9492,70572583.837,70856936.7123,72154210.0583,61739091.8981,55200790.1477
2021,11740690,54980786.1361,4221632.2321,7590161.532,5310490.6038,7110248.9178,8846024.863499999,8855205.2303,6682775.6833,6364246.9789
2021,11740700,232962967.4864,17179456.8334,21814204.3534,27343503.7964,33229269.0904,34958689.1761,36312404.0834,30491651.414,31633788.6924
