자치구,행정동,행정동_코드,월평균_총생활인구수,연령대0_평균,연령대10_평균,연령대20_평균,연령대30_평균,연령대40_평균,연령대50_평균,연령대60_평균,연령대70이상_평균,1인가구,2인가구,3인가구,4인가구,5인가구,6인가구,7인 이상 가구,연령대_100,연령대_0_거주인구수,연령대_10_거주인구수,연령대_20_거주인구수,연령대_30_거주인구수,연령대_40_거주인구수,연령대_50_거주인구수,연령대_60_거주인구수,연령대_70_거주인구수,연령대_80_거주인구수,연령대_90_거주인구수,유흥주점영업,단란주점,제과점영업,집단급식소,일반음식점,휴게음식점,연령대_2030_거주인구수_합,연령대_2030_거주인구수_평균,연령대_20_거주인구수_비율,연령대_30_거주인구수_비율,연령대_2030_거주인구수_비율,1인가구_비율,식품접객업,주점,주요경제활동인구_거주인구수,주요경제활동인구_생활인구수,PET예측량,수거함_개수,총_거주인구수,수거함개수_당_거주인구수
광진구,중곡4동,11215770,18787353.04703333,1235867.3017666668,1636002.1562166668,2489973.561833333,2873869.888458333,2659556.2322833333,3082496.1999833337,2444395.6899166666,2365192.0058333334,3747,3366,2560,1760,390,83,24,12.916666666666666,1248.25,1717.75,4008.4166666666665,3921.75,3693.6666666666665,4808.916666666667,4136.5,2087.9166666666665,732.0,92.16666666666669,0.0,12.0,81.0,142.0,1763.0,341.0,7930.166666666666,7930.166666666666,0.151488238647279,0.1482128853657845,0.2997011240130635,0.3140821458507963,2339.0,12.0,16432.75,11105895.882558333,95.28910853023334,0.0,26460.250000000004,26460.250000000004
광진구,구의3동,11215870,22880216.0674,1850343.3320916668,2443886.3459416665,3166729.4977166667,3539065.5497833337,3946832.358775,3543895.8315,2372386.138925,2017077.003125,3110,2871,2559,2093,394,63,21,5.333333333333333,1657.0833333333333,2269.6666666666665,4193.833333333333,4211.833333333333,4071.1666666666665,4424.916666666667,3294.0,1558.6666666666667,690.5833333333334,100.66666666666669,24.0,48.0,136.0,137.0,3152.0,1020.0,8405.666666666666,8405.666666666666,0.1583908501792385,0.1590706662512235,0.317461516430462,0.2799027990279902,4517.0,72.0,16901.75,14196523.237775,99.0043429511,1.0,26477.75,26477.75
동대문구,용신동,11230536,28533999.44285,1133191.1846833334,1487168.714825,4944984.298183333,4914170.453808334,4421952.53715,4547593.792791666,3490274.605283333,3594663.8443833333,8464,3551,2035,1273,279,71,29,8.666666666666666,1123.0833333333333,1279.8333333333333,5677.25,5000.0,3798.8333333333335,4239.0,3894.9166666666665,2305.333333333333,1051.5,121.5,84.0,264.0,72.0,336.0,7255.0,1476.0,10677.25,10677.25,0.1992023368489381,0.1754391094710803,0.3746414463200184,0.5390396127881798,9487.0,348.0,18715.083333333336,18828701.08193333,190.2136043277333,0.0,28499.916666666668,28499.916666666668
동대문구,전농1동,11230560,23574356.583866667,1457400.718675,1907767.805966667,4067470.542591667,3419103.342766667,3547157.337175,3468014.359658333,2742668.6250583334,2964773.85355,5814,3212,2419,1667,370,79,23,13.5,1670.5833333333333,1693.3333333333333,4182.916666666667,3837.5,3893.5833333333335,4445.0,3915.1666666666665,2274.1666666666665,1006.4166666666666,114.75,60.0,84.0,167.0,315.0,5179.0,1938.0,8020.416666666667,8020.416666666667,0.1546541041338661,0.1418830858723883,0.2965371900062545,0.4280035335689046,7743.0,144.0,16359.0,14501745.582191668,136.93203232876667,0.0,27046.91666666667,27046.91666666667
동대문구,답십리1동,11230600,16761373.462025002,1560452.196316667,1286225.2961333334,2085826.3292416667,2953394.896108333,2825985.5351666664,2435187.969391667,1816437.667583333,1797863.5547583334,3717,2869,2577,1828,470,82,24,12.333333333333334,2465.75,1812.9166666666667,3795.3333333333335,4793.0,4354.416666666667,3892.5833333333335,3082.333333333333,1625.9166666666667,738.9166666666666,90.5,96.0,101.0,117.0,231.0,3436.0,1157.0,8588.333333333334,8588.333333333334,0.1423392339233923,0.1797554755475547,0.3220947094709471,0.3213452061900233,5138.0,197.0,16835.333333333332,10300394.729908332,91.65985391963332,1.0,26664.0,26664.0
동대문구,답십리2동,11230610,16882366.914541665,1031772.1298666666,1222141.6631333332,1920110.045925,2715805.3061583336,2718614.3989,2720200.4918583333,2197337.789908333,2356385.088208333,3448,3396,2573,1818,409,97,15,5.583333333333333,1650.25,1754.5833333333333,3374.583333333333,4039.6666666666665,3764.8333333333335,4456.333333333333,3942.25,2246.5,955.1666666666666,112.0,24.0,36.0,24.0,72.0,787.0,131.0,7414.25,7414.25,0.1283026161123626,0.1535892732105911,0.2818918893229538,0.293297039809459,1074.0,60.0,15635.416666666668,10074730.242841668,87.10552097136667,0.0,26301.75,26301.75
동대문구,장안2동,11230660,20385275.020725,1897340.886566667,2021886.4968833327,2309064.6397416666,3246680.248783333,3497756.1403166666,2971327.441883333,2189817.841591667,2251401.31795,3212,3275,2947,2306,464,134,25,10.083333333333334,2533.9166666666665,2572.9166666666665,3503.1666666666665,4557.666666666667,5269.5,4538.0,4006.5833333333335,2085.6666666666665,734.5833333333334,99.5,87.0,60.0,36.0,48.0,1333.0,122.0,8060.833333333334,8060.833333333334,0.1171173932060879,0.1523712942867729,0.2694886874928609,0.2598074900914017,1686.0,147.0,17868.333333333336,12024828.470725,91.7022138829,1.0,29911.58333333333,29911.58333333333
중랑구,묵1동,11260620,19436947.351766665,1438353.000591667,1743990.5772,2538461.351075,2867118.0875833333,3082666.8163,2861918.5247166664,2418756.901858333,2485682.0638416666,3741,3588,3091,2406,593,107,34,14.083333333333334,2051.25,2801.083333333333,4512.583333333333,4388.75,5207.666666666667,5076.333333333333,4429.0,2379.75,958.3333333333334,116.66666666666669,24.0,120.0,89.0,201.0,2501.0,768.0,8901.333333333332,8901.333333333332,0.1413030431129412,0.1374254356437194,0.2787284787566605,0.2758849557522124,3703.0,144.0,19185.33333333333,11350164.779675,96.1847341187,0.0,31935.5,31935.5
중랑구,망우본동,11260655,26668518.256641667,1768827.740441667,2116657.015308333,3263145.026758333,3777784.417008333,3987457.13125,4664915.795241667,3728362.454416666,3361368.6692583333,4734,3518,2403,1682,406,93,24,9.5,1454.3333333333333,1747.3333333333333,3828.8333333333335,3865.9166666666665,3817.5,5172.666666666667,4820.5,2408.1666666666665,952.5,143.16666666666666,15.0,228.0,109.0,345.0,4461.0,1162.0,7694.75,7694.75,0.1356760028938859,0.1369900633406664,0.2726660662345524,0.3681181959564541,6320.0,243.0,16684.916666666668,15693302.370258331,127.03725948103332,1.0,28220.416666666668,28220.416666666668
중랑구,신내1동,11260680,25243658.950116664,2782690.398225,2412282.151066667,2755551.002933333,3392717.2099416666,3871300.674266666,4008096.012233333,3078121.3802416665,2942900.099225,2426,3753,3226,3128,896,172,45,10.0,2848.083333333333,3446.25,4402.833333333333,4415.166666666667,5394.583333333333,5891.833333333333,5250.666666666667,2590.083333333333,1175.0,199.8333333333333,0.0,0.0,101.0,312.0,2657.0,683.0,8818.0,8818.0,0.1235906169004332,0.1239368222095384,0.2475274391099716,0.1777810347354536,3753.0,0.0,20104.416666666664,14027664.899375,89.0436095975,1.0,35624.333333333336,35624.333333333336
성북구,길음1동,11290660,25843970.07239167,3725651.5805833335,3840436.586183333,2319169.228191667,3017081.9773,4870697.002008333,3249983.381125,2182421.6543833334,2638528.647266667,1721,2694,3298,3380,627,108,22,7.583333333333333,3460.25,4496.75,3118.25,4040.0,7142.25,4653.25,3051.083333333333,1889.9166666666667,774.0,112.33333333333331,12.0,12.0,216.0,199.0,2125.0,1012.0,7158.25,7158.25,0.0952263403809155,0.1233751030670725,0.218601443447988,0.1452320675105485,3576.0,24.0,18953.75,13456931.588625,77.1903013545,0.0,32745.666666666664,32745.666666666664
성북구,종암동,11290705,28510077.889891665,2106130.184225,2882465.9468166665,4609028.8188,3848087.533825,4276118.415708333,4189020.713083334,3007597.4618583336,3591628.826758333,5568,3939,3316,2693,604,116,32,13.333333333333334,2360.9166666666665,3323.6666666666665,5193.333333333333,4669.75,5769.666666666667,5799.916666666667,4500.083333333333,2628.583333333333,1378.0,214.5833333333333,12.0,36.0,108.0,323.0,3167.0,864.0,9863.083333333332,9863.083333333332,0.1448554467228547,0.1302513586009083,0.275106805323763,0.3422670272928448,4510.0,48.0,21432.666666666668,16922255.481416665,143.27462192566665,0.0,35851.833333333336,35851.833333333336
강북구,송중동,11305545,25413059.23215,1509606.915383333,2086506.7018416664,3495818.184433333,3371348.991958333,3826707.6927,4138145.231991667,3176263.2021333333,3808662.318625,4548,3369,2499,1713,415,83,20,9.0,1356.0,1821.3333333333333,3866.25,3665.8333333333335,4082.9166666666665,4700.666666666667,4269.5,2508.4166666666665,955.0,106.91666666666669,60.0,156.0,58.0,179.0,5299.0,1117.0,7532.083333333334,7532.083333333334,0.1414041974751753,0.13407415986492,0.2754783573400954,0.3596109749347671,6869.0,216.0,16315.666666666668,14832020.101083336,121.06718040433331,0.0,27341.833333333336,27341.833333333336
강북구,삼각산동,11305575,17032208.963108335,1960187.53655,2261270.399308333,1460290.6855499998,2007769.8118583327,3223450.3123583333,2348978.90685,1666216.1756666666,2104045.128891667,2021,2663,2948,2741,530,102,30,7.666666666666667,2619.5,3606.0,3049.583333333333,3367.1666666666665,5804.416666666667,4607.916666666667,3122.333333333333,1823.75,764.8333333333334,88.41666666666667,0.0,12.0,24.0,80.0,1513.0,365.0,6416.75,6416.75,0.1056623712605279,0.1166660410753625,0.2223284123358905,0.1831445400996828,1994.0,12.0,16829.083333333336,9040489.716616664,63.59703386646666,1.0,28861.58333333333,28861.58333333333
강북구,인수동,11305660,21384459.45738333,1519931.3523916667,1600809.394675,2722208.9730166667,2703483.922375,3055651.825091667,3397722.7054,2800635.259833333,3584016.02935,3937,3890,2719,1728,390,101,29,7.0,1356.8333333333333,1894.0833333333333,3626.3333333333335,3450.583333333333,3965.6666666666665,4860.5,4676.166666666667,2897.083333333333,1257.8333333333333,172.16666666666666,51.0,0.0,36.0,206.0,2642.0,615.0,7076.916666666666,7076.916666666666,0.1287566092948803,0.1225164289243751,0.2512730382192554,0.3077223698608722,3550.0,51.0,15903.083333333332,11879067.425883334,100.96104470353332,1.0,28164.25,28164.25
도봉구,창2동,11320512,21299375.969525,1511553.8238583335,1748677.5898666668,2801557.6283833333,3122586.4751,3213254.7279,3342565.5209583337,2670167.014558333,2889013.1900583333,2889,3391,2661,1935,429,88,25,3.25,1549.3333333333333,2014.1666666666667,3772.8333333333335,3670.8333333333335,4112.083333333333,4680.916666666667,3894.9166666666665,2122.5,911.0833333333334,98.91666666666669,0.0,18.0,72.0,200.0,1766.0,514.0,7443.666666666667,7443.666666666667,0.1406155853029785,0.1368139888809516,0.2774295741839301,0.2530215449290593,2570.0,18.0,16236.666666666668,12479964.352341669,89.13803240936667,1.0,26830.833333333336,26830.833333333336
도봉구,방학1동,11320690,17685753.24755,1145478.767925,1446259.1303166666,2142782.819275,2284588.2767166668,2635524.671375,3061259.386958333,2466329.047241667,2503531.134783333,3502,3281,2386,1832,443,80,17,5.916666666666667,1362.0833333333333,1981.3333333333333,3538.1666666666665,3014.333333333333,3805.5833333333335,4886.083333333333,4328.583333333333,2408.75,893.3333333333334,138.58333333333334,0.0,200.0,189.0,281.0,5213.0,1173.0,6552.5,6552.5,0.1342108340998821,0.114340625819891,0.2485514599197732,0.3034399098864916,7056.0,200.0,15244.166666666668,10124155.154325,88.0362706173,1.0,26362.75,26362.75
노원구,월계3동,11350580,19596133.196266662,1965383.8952666668,1613987.416475,2136935.34325,2758276.574458333,3008111.5554833333,2926353.888258333,2481995.347625,2705089.160933333,3359,3696,2893,1867,377,64,9,6.833333333333333,1977.4166666666667,1918.5833333333333,3213.75,4135.666666666667,4174.25,4346.75,4297.0,2386.9166666666665,1061.9166666666667,134.41666666666666,0.0,0.0,116.0,180.0,640.0,553.0,7349.416666666667,7349.416666666667,0.1162149456669137,0.1495531005719589,0.2657680462388727,0.2738687321646963,1489.0,0.0,15870.416666666668,10829677.36145,88.9171344458,0.0,27653.500000000004,27653.500000000004
노원구,공릉1동,11350595,31791471.489833336,2235694.6205333336,2580841.01575,5274691.923816667,4488800.886758333,4725560.8483,4676196.370233334,3983083.859525,3826601.979341666,7356,4078,3000,2219,468,112,21,5.75,1824.0833333333333,2380.833333333333,6033.416666666667,4806.583333333333,4901.25,5238.25,5073.166666666667,2558.25,982.3333333333334,151.58333333333334,0.0,84.0,156.0,283.0,5047.0,1290.0,10840.0,10840.0,0.1776859909783884,0.1415553690369257,0.3192413600153141,0.4263359221050191,6860.0,84.0,20979.5,19165250.02910833,176.51870011643334,0.0,33955.5,33955.5
노원구,공릉2동,11350600,30824577.46183333,2387149.942358333,4079362.2729333336,6035361.231075,3821998.673166666,4521236.292841666,4058082.151375,2985374.5490416666,2936012.339825,4783,3581,3296,3113,597,113,25,5.666666666666667,2580.25,3896.9166666666665,6069.333333333333,4744.666666666667,5855.916666666667,5530.166666666667,4251.166666666667,2050.25,906.25,126.66666666666669,0.0,24.0,129.0,418.0,3483.0,1527.0,10814.0,10814.0,0.1685118473324124,0.1317331741503492,0.3002450214827617,0.3084214598916688,5581.0,24.0,22200.083333333336,18436678.34845833,138.67593839383332,0.0,36017.25,36017.25
노원구,중계2.3동,11350625,24706564.051025,2015364.3395916668,3023528.1289333333,2720725.63815,2944821.1856,4045491.3596333335,3719609.6718,2781389.7469083336,3455633.977925,4119,4302,3158,2321,382,69,8,8.666666666666666,1769.4166666666667,2830.583333333333,3842.25,3832.8333333333335,5154.0,5176.333333333333,4505.5,3016.5,1486.6666666666667,202.25,0.0,0.0,149.0,237.0,1602.0,756.0,7675.083333333334,7675.083333333334,0.1207305577376276,0.1204346687614558,0.2411652264990835,0.2868584163242565,2744.0,0.0,18005.416666666668,13430647.855183337,109.63801642073334,0.0,31825.000000000004,31825.000000000004
노원구,상계1동,11350630,28804501.828191668,2317693.3055166667,2807317.8277666667,3278772.3920583334,3653375.341908333,4100968.2105666655,4662565.3911666665,3990922.4015,3992886.964008333,3454,4129,3405,2775,631,117,27,15.75,2039.5833333333333,3012.833333333333,4746.583333333333,4408.083333333333,5124.083333333333,6345.416666666667,5581.0,2666.333333333333,1166.0,184.5833333333333,0.0,36.0,116.0,300.0,3652.0,1037.0,9154.666666666666,9154.666666666666,0.1345012668749395,0.1249093824309358,0.2594106493058753,0.2375842619342413,5141.0,36.0,20624.166666666668,15695681.335699998,109.6707753428,0.0,35290.25,35290.25
노원구,상계6.7동,11350695,34905929.21145,2797893.0235416666,3741637.9129166654,4633963.7658916665,4796294.8004416665,5359442.842958334,5524221.908275,3876949.9039833336,4175525.0554833338,3524,3646,3071,2361,380,52,10,6.166666666666667,2142.1666666666665,2703.75,4122.0,4437.666666666667,4909.25,5196.0,3768.5833333333335,1825.8333333333333,939.0833333333334,181.41666666666663,270.0,113.0,141.0,286.0,2637.0,918.0,8559.666666666668,8559.666666666668,0.1363459699048742,0.1467874735034442,0.2831334434083185,0.27016252683226,4365.0,383.0,18664.916666666668,20313923.317566667,129.09399327026665,0.0,30231.916666666664,30231.916666666664
은평구,녹번동,11380510,24830622.351725,1490471.0502333334,1716402.4002416667,3212005.3253,4111373.105983333,3880627.7336666654,3915871.373766666,3106090.831041667,3397780.5321,5033,4701,3314,2068,493,81,15,8.25,2195.333333333333,2043.6666666666667,4562.0,5494.416666666667,5162.0,5387.666666666667,4787.5,2865.5,1213.3333333333333,162.0,24.0,150.0,134.0,303.0,3086.0,985.0,10056.416666666668,10056.416666666668,0.134645088297506,0.1621648875989965,0.2968099758965025,0.3204711875198981,4682.0,174.0,20606.083333333336,15119877.538716665,128.80248515486664,1.0,33881.66666666667,33881.66666666667
은평구,불광1동,11380520,24188747.83350833,1705450.7121833332,1783251.931433333,2982312.354691667,3325028.3013250004,3521844.150966666,3872956.879966667,3113958.795,3883944.709116667,4730,4876,3484,2283,497,97,22,14.5,2077.0,2398.5,4810.583333333333,4910.5,5318.416666666667,6093.5,5224.083333333333,3171.4166666666665,1489.5833333333333,178.83333333333334,156.0,137.0,181.0,212.0,4139.0,1038.0,9721.083333333332,9721.083333333332,0.1347996347867915,0.1375994470429172,0.2723990818297088,0.2958283820126337,5863.0,293.0,21133.0,13702141.68695,119.0183167478,0.0,35686.91666666667,35686.91666666667
은평구,구산동,11380560,19215825.3327,1474166.1275000002,2286285.425983333,2250796.1297083334,2510300.4488916667,2910526.382983333,2884402.0527083334,2205112.9079333334,2694235.8528583334,2785,3474,2828,2101,544,87,29,5.833333333333333,1557.3333333333333,2585.333333333333,4027.25,3717.75,4584.166666666667,5167.25,4346.416666666667,2502.4166666666665,1079.5833333333333,137.0,0.0,12.0,99.0,278.0,1291.0,784.0,7745.0,7745.0,0.135550481874993,0.1251332308624384,0.2606837127374314,0.2350607697501688,2464.0,12.0,17496.416666666668,10556025.014291666,80.03047505716667,0.0,29710.33333333333,29710.33333333333
은평구,응암1동,11380580,19351377.88500833,1286413.1848416666,2082339.7736666668,2328731.438966667,3452106.229083333,3299986.6608,2679505.522683333,1966977.2256083328,2255317.8491916666,3771,3122,2211,1615,353,59,14,2.9166666666666665,2227.583333333333,2435.6666666666665,4011.5833333333335,4896.833333333333,4992.25,4377.416666666667,3490.75,2109.583333333333,874.8333333333334,107.25,135.0,204.0,243.0,289.0,6574.0,1620.0,8908.416666666666,8908.416666666666,0.1358630616391962,0.1658444344095732,0.3017074960487694,0.3383580080753701,9065.0,339.0,18278.08333333333,11760329.851533337,98.23264440613336,1.0,29526.666666666668,29526.666666666668
은평구,역촌동,11380625,31447270.817675,2651083.509725,2803851.1947333333,3982835.7946,4708461.0654,5097186.027383333,4689223.012674999,3460844.7652916666,4053785.439508333,5473,5503,4090,2851,668,148,35,11.166666666666666,2297.1666666666665,3126.083333333333,5979.75,5890.75,6836.333333333333,6984.666666666667,5879.75,3517.75,1396.75,157.75,0.0,96.0,261.0,240.0,4309.0,1356.0,11870.5,11870.5,0.1421113608682305,0.1399962371394338,0.2821075980076644,0.2916133844842284,6262.0,96.0,25691.5,18477705.900058333,148.20679860023333,0.0,42077.91666666666,42077.91666666666
은평구,진관동,11380690,45897496.8057,4694834.860591667,6298414.798891666,4934818.4191333335,5951608.975758334,8022012.030241667,6315441.316266667,4762678.1284,4917688.262391667,4742,4706,4452,4506,1272,257,54,112.33333333333331,4022.75,6759.5,6360.916666666667,6067.166666666667,9550.916666666666,7831.583333333333,5945.166666666667,3170.5,1438.0,229.75,0.0,0.0,362.0,337.0,3366.0,2006.0,12428.083333333334,12428.083333333334,0.1235403317563926,0.1178351835277399,0.2413755152841325,0.2372304767622192,6071.0,0.0,29810.58333333333,25223880.741400003,165.2681729656,0.0,51488.583333333336,51488.583333333336
서대문구,연희동,11410615,27763065.640833333,1337382.0997666668,2093900.47935,6238924.807941667,4776146.288016667,4282457.732658333,3728310.545491667,2514252.8279583333,2791690.8420166667,9005,4178,2670,1920,486,109,25,13.083333333333334,1462.75,2167.4166666666665,6966.0,5094.0,4424.0,4734.333333333333,3782.1666666666665,2438.75,1215.4166666666667,182.16666666666663,12.0,60.0,248.0,256.0,4474.0,1640.0,12060.0,12060.0,0.2144698930883285,0.1568345729819043,0.3713044660702328,0.4895884303811232,6690.0,72.0,21218.33333333333,19025839.374108333,198.3462324964333,0.0,32480.08333333333,32480.08333333333
서대문구,남가좌2동,11410700,14794359.565208333,924554.092825,1410780.6711583333,2678519.446366667,2284652.1728083333,2333164.0837250003,2100037.4659166667,1460146.8825833332,1602504.7507333334,4237,3051,2413,1835,373,93,18,6.833333333333333,2416.0,2181.083333333333,3888.1666666666665,4115.166666666667,4478.166666666667,4049.3333333333335,3165.5,1992.4166666666667,901.5833333333334,126.83333333333331,0.0,12.0,66.0,126.0,2272.0,871.0,8003.333333333334,8003.333333333334,0.1423137808713051,0.1506223825921983,0.2929361634635035,0.3524958402662229,3347.0,12.0,16530.833333333332,9396373.168816669,95.10276767526666,0.0,27321.08333333333,27321.08333333333
서대문구,북가좌2동,11410720,26043611.855241667,1737848.7857916665,2409168.3236916666,3626199.931116666,3994074.4705,4133017.521691667,3772799.7377416654,2973606.0449166666,3396897.038908333,4463,3788,2752,2005,474,82,16,3.4166666666666665,1425.9166666666667,2157.4166666666665,4280.083333333333,3833.3333333333335,4486.666666666667,4909.583333333333,4313.166666666667,2664.083333333333,1095.8333333333333,141.16666666666666,0.0,60.0,93.0,81.0,1846.0,707.0,8113.416666666666,8113.416666666666,0.1460247691397898,0.1307828776782059,0.2768076468179957,0.3286450662739322,2787.0,60.0,17509.666666666664,15526091.66105,122.6895916442,0.0,29310.666666666668,29310.666666666668
마포구,공덕동,11440565,27622344.911075,1740240.835975,1872023.6149,4135963.39675,5461610.503075,4771072.519508333,4304113.784316666,2801092.72365,2536227.5346083334,6338,4328,3123,2165,461,91,20,15.75,2038.8333333333333,2053.6666666666665,5726.75,5964.083333333333,4908.833333333333,5769.833333333333,4182.833333333333,2314.583333333333,1178.9166666666667,136.83333333333334,48.0,70.0,185.0,203.0,6049.0,1647.0,11690.833333333332,11690.833333333332,0.1670048676641773,0.1739260396946713,0.3409309073588487,0.3835168824882004,8202.0,118.0,22369.5,18672760.20365,160.72939081459998,1.0,34290.916666666664,34290.916666666664
양천구,목1동,11470510,33029761.55770833,2682135.727166666,5540985.1102,3837955.3626833335,4358621.298633333,6710002.929024999,4755436.413075,2829213.636725,2315411.0968,1189,2066,3092,2999,490,88,19,3.6666666666666665,2616.9166666666665,4635.083333333333,3006.5,2893.833333333333,6211.25,4583.416666666667,2725.4166666666665,1221.1666666666667,457.1666666666667,81.41666666666667,12.0,36.0,339.0,241.0,5576.0,2917.0,5900.333333333333,5900.333333333333,0.1057292735105353,0.1017671365354745,0.2074964100460099,0.119581615206678,9121.0,48.0,16695.0,19662016.003416665,94.78873901366666,0.0,28435.83333333334,28435.83333333334
양천구,목2동,11470520,16973959.580483336,1197903.6062333337,1652041.8235416666,2492230.071466666,3069816.126275,2599656.4334416664,2508708.828991667,1858518.508475,1595084.1753,3752,3216,2652,1951,413,82,25,4.333333333333333,1506.5833333333333,2257.25,4490.833333333333,4805.583333333333,4201.833333333333,4438.416666666667,3604.0833333333335,1574.75,612.5833333333334,86.25,0.0,12.0,56.0,155.0,1969.0,590.0,9296.416666666666,9296.416666666666,0.1628145865434001,0.1742258074262062,0.3370403939696063,0.3103134562898023,2782.0,12.0,17936.666666666668,10670411.460175,93.6150458407,0.0,27582.5,27582.5
양천구,목5동,11470550,29686143.218058333,2959916.3899916667,6623404.566591666,2603383.9323833333,2841101.8922,5750322.237175,3973603.621975,2575031.314891666,2359379.225375,1185,2580,4057,4281,650,92,21,3.9166666666666665,2986.083333333333,6801.416666666667,3988.5,3487.6666666666665,8185.166666666667,6180.833333333333,3996.3333333333335,1623.75,674.3333333333334,146.91666666666666,0.0,12.0,140.0,265.0,1753.0,831.0,7476.166666666666,7476.166666666666,0.1047540047143898,0.0916001129352439,0.1963541176496337,0.0921032177833048,3001.0,12.0,21842.166666666664,15168411.683733333,76.76002173493333,1.0,38074.91666666666,38074.91666666666
양천구,신정3동,11470640,29107004.52066667,2845360.083258333,3607968.404008333,3053291.1254,3849940.7437166665,4748238.145541667,4344816.758983334,3383183.229975,3274205.9780083336,3582,4629,4035,3516,852,134,28,7.25,3342.6666666666665,5087.25,5635.25,5560.833333333333,7651.083333333333,7744.083333333333,5753.416666666667,2985.9166666666665,1125.9166666666667,172.33333333333334,0.0,129.0,101.0,310.0,1592.0,584.0,11196.083333333332,11196.083333333332,0.1250443793547242,0.1233930975310285,0.2484374768857527,0.213519313304721,2716.0,129.0,26591.25,15996286.773641665,112.61079709456666,0.0,45065.99999999999,45065.99999999999
양천구,신정4동,11470650,24195886.688741665,2055282.5135666665,2342009.7388416664,3270507.9511416666,3644662.58015,3921163.7825833336,3557999.3527666666,2655414.5164,2748846.25035,5522,3944,2718,1859,415,79,24,5.833333333333333,1432.1666666666667,2084.583333333333,4809.333333333333,4527.75,4681.75,4910.333333333333,4409.75,2451.583333333333,822.5833333333334,95.66666666666669,0.0,168.0,127.0,263.0,4599.0,1376.0,9337.083333333332,9337.083333333332,0.1590843936754361,0.1497701060709639,0.3088544997464,0.3792321955909621,6533.0,168.0,18929.166666666664,14394333.666641667,132.53848466656666,0.0,30231.33333333333,30231.33333333333
양천구,신정7동,11470680,16928692.153358333,1508534.9155416666,2446468.4934666664,1655545.8258916668,1865100.985833333,2925774.0565583333,2518151.3448166666,1915132.8740416665,2093983.6433583333,2450,2881,2727,2385,399,51,17,6.833333333333333,1733.5,3092.75,3191.75,2853.083333333333,4606.0,4770.916666666667,3732.5,1892.1666666666667,876.8333333333334,134.16666666666666,0.0,0.0,156.0,129.0,1248.0,546.0,6044.833333333333,6044.833333333333,0.118694334430375,0.1061000477244132,0.2247943821547882,0.224564619615032,2079.0,0.0,15421.75,8964572.2131,69.11703885239999,0.0,26890.5,26890.5
강서구,염창동,11500510,23537585.581158336,2084132.74605,2264311.157191667,2838666.32425,4780398.395316667,4448689.666891667,3018897.0905750003,2306694.699983333,1795795.481575,2993,3449,3949,3541,632,99,22,4.416666666666667,3682.8333333333335,4108.583333333333,5152.833333333333,6677.416666666667,6974.916666666667,5448.916666666667,3975.3333333333335,1632.6666666666667,637.5,88.66666666666667,12.0,72.0,138.0,250.0,2965.0,1014.0,11830.25,11830.25,0.1342440117322935,0.1739631661561107,0.3082071778884043,0.2038134150493701,4451.0,84.0,24254.083333333336,15086651.477033334,100.97658090813334,0.0,38384.08333333333,38384.08333333333
강서구,등촌3동,11500535,27802573.36678333,1470868.6565083333,2330198.81825,4091803.362941667,4837664.978300001,4261698.613866667,3893435.3793833335,3250950.932058333,3665952.5930416654,5335,4207,2638,1654,270,52,12,10.5,1525.5,1792.0,3609.8333333333335,4227.583333333333,3545.083333333333,4729.583333333333,4956.5,2340.1666666666665,1347.9166666666667,271.0,0.0,12.0,155.0,463.0,3549.0,1556.0,7837.416666666666,7837.416666666666,0.1273055356366158,0.1490913045011579,0.2763968401377737,0.3765527950310559,5735.0,12.0,16112.083333333332,17084602.334491666,140.76103433796666,0.0,28355.666666666668,28355.666666666668
강서구,화곡1동,11500540,35463587.20269167,2271507.63625,1951682.643691667,5770174.626258333,6926035.417858333,5393236.403533333,4788983.220341667,4196163.912541666,4165803.330116667,10238,6761,4277,2502,514,114,28,10.666666666666666,2339.583333333333,2220.083333333333,8728.333333333334,9567.5,6827.833333333333,6703.083333333333,6543.916666666667,3458.833333333333,1120.4166666666667,149.91666666666666,421.0,969.0,123.0,204.0,7045.0,1422.0,18295.833333333336,18295.833333333336,0.1830984438205586,0.2007020463532398,0.3838004901737986,0.4190063026929688,10184.0,1390.0,31826.75,22878429.667991668,230.49456867196668,0.0,47670.16666666666,47670.16666666666
강서구,화곡본동,11500590,21403238.020641662,1814886.4377666663,1605749.0759833334,3235813.7054833337,3936528.078225,3364774.862883333,2640328.908433333,2413924.9107333333,2391232.0429583336,5647,4170,2754,1946,460,75,18,4.166666666666667,1902.5833333333333,2171.1666666666665,5510.5,5831.333333333333,4997.916666666667,4434.916666666667,3987.4166666666665,1932.0833333333333,656.25,108.08333333333331,45.0,24.0,54.0,274.0,2881.0,787.0,11341.833333333332,11341.833333333332,0.1747345000620975,0.1849079239080745,0.359642423970172,0.3747179827471798,4065.0,69.0,20774.666666666668,13177445.555025,129.3678072201,0.0,31536.416666666668,31536.416666666668
강서구,발산1동,11500611,25882591.56625,2980908.129575,3843829.7585666655,2978109.848825,3373646.9429083336,4610285.616275,3506275.9214166664,2323897.040041667,2265638.307258333,2152,3244,3204,3239,740,123,31,6.166666666666667,2892.25,4466.25,4180.333333333333,3811.1666666666665,6443.416666666667,5245.166666666667,3624.4166666666665,1968.4166666666667,713.25,126.58333333333331,0.0,0.0,229.0,425.0,3163.0,1373.0,7991.5,7991.5,0.1248702483515006,0.1138429140042167,0.2387131623557173,0.1690096599387418,5190.0,0.0,19680.083333333336,14468318.329425,87.08667331769999,0.0,33477.41666666667,33477.41666666667
강서구,우장산동,11500615,25673780.73665833,2293839.6338333334,3194783.812516667,3366800.307808333,3805363.535625,4597931.046583333,3372958.674791666,2656583.401008333,2385520.3255666667,2826,3547,3873,3828,708,128,33,7.666666666666667,3302.333333333333,5015.583333333333,4781.416666666667,4869.416666666667,7732.083333333333,6056.25,4647.25,2369.25,713.6666666666666,115.08333333333331,24.0,36.0,142.0,204.0,2269.0,902.0,9650.833333333334,9650.833333333334,0.1207123621980981,0.1229340233947656,0.2436463855928638,0.1891186508733186,3577.0,60.0,23439.166666666668,15143053.564808331,98.93516425923332,1.0,39609.99999999999,39609.99999999999
강서구,공항동,11500620,25097158.091,2839051.7185583333,1715168.6427083332,3492565.205775,4788965.96835,4263542.074908334,3383292.2412500004,2415063.717108333,2199508.537341667,4329,2906,2118,1618,376,78,10,7.666666666666667,3012.583333333333,1892.3333333333333,3626.4166666666665,5092.833333333333,4492.0,3725.4166666666665,3297.1666666666665,1638.3333333333333,655.0,102.08333333333331,48.0,84.0,226.0,312.0,4002.0,1111.0,8719.25,8719.25,0.1316693998826028,0.1849126480323871,0.3165820479149899,0.3785745518146043,5783.0,132.0,16936.666666666668,15928365.490283336,122.47963696113334,0.0,27541.83333333333,27541.83333333333
구로구,신도림동,11530510,24099309.387725,2387095.276175,2133528.3411916667,3022901.4480916667,4516310.27465,4423223.428350001,3303748.213308333,2401046.687458333,1911455.699933333,2324,3286,3478,2969,552,100,18,4.666666666666667,3207.583333333333,3228.333333333333,3854.3333333333335,5580.416666666667,5973.916666666667,4659.083333333333,3771.0,1823.25,672.0833333333334,91.33333333333331,0.0,48.0,246.0,212.0,3287.0,1569.0,9434.75,9434.75,0.1172741840605286,0.1697929978295705,0.2870671818900991,0.1826039129409916,5362.0,48.0,20067.75,15266183.3644,92.6130334576,1.0,32866.0,32866.0
구로구,구로5동,11530560,22921805.782641668,1151449.0136666668,1099794.798175,3793394.213166666,4776507.874483333,3935549.6573166666,3588725.431075,2499971.183825,2076413.6099166663,5350,3468,2366,1612,344,75,19,2.083333333333333,1616.5833333333333,1417.0833333333333,4647.583333333333,5038.5,3745.5,4131.916666666667,3515.0,1922.5,734.4166666666666,82.58333333333333,0.0,36.0,127.0,289.0,5799.0,1326.0,9686.083333333332,9686.083333333332,0.1730701795217924,0.1876274263371037,0.3606976058588961,0.4042617500377815,7577.0,36.0,17563.5,16094177.176041666,137.00295870416664,0.0,26853.75,26853.75
구로구,개봉1동,11530740,21127599.657816667,1588888.4906833332,1775844.027783333,2497073.634891667,3082102.629416667,3215043.8036166667,3343571.4343416668,2757524.296833333,2867551.3427916667,3591,4018,3040,2106,521,99,26,4.583333333333333,1984.4166666666667,2144.833333333333,4167.083333333333,4644.0,4473.333333333333,5281.416666666667,4793.166666666667,2636.9166666666665,959.0833333333334,128.66666666666666,12.0,108.0,170.0,222.0,3195.0,519.0,8811.083333333332,8811.083333333332,0.1334854915779076,0.1487627132217506,0.2822482047996583,0.2679650772330423,4226.0,120.0,18565.83333333333,12137791.502266668,97.29899100906668,1.0,31217.5,31217.5
구로구,개봉2동,11530750,17906260.677783333,1612606.0348833334,1466513.9825333331,2070383.2578083333,2742638.940575,2731927.304433333,2555130.249766667,2370063.9334416664,2356996.96865,2373,3521,3004,2208,480,110,22,6.416666666666667,1873.25,2071.4166666666665,3453.1666666666665,3980.5833333333335,4342.75,4470.083333333333,4705.833333333333,2708.083333333333,868.6666666666666,110.41666666666669,24.0,48.0,79.0,108.0,1766.0,529.0,7433.75,7433.75,0.1207795084643006,0.1392266707083896,0.2600061791726903,0.2025089605734767,2554.0,72.0,16246.583333333332,10100079.752583332,72.61379401033332,0.0,28590.666666666668,28590.666666666668
구로구,오류2동,11530780,37930378.69431666,4594353.278849999,3571960.771841667,3994677.7133166655,6205040.777216666,6259656.123199999,4939376.678225,3949713.391591666,4415599.947575,3258,4256,3141,2767,770,136,32,3.25,2740.4166666666665,3609.8333333333335,4153.0,4616.416666666667,5970.5,5203.5,4715.916666666667,3004.25,1102.1666666666667,157.0,0.0,0.0,108.0,465.0,2070.0,712.0,8769.416666666668,8769.416666666668,0.1177279330994649,0.1308647224879817,0.2485926555874467,0.2268802228412256,3355.0,0.0,19943.416666666668,21398751.29195833,129.82235516783334,0.0,35276.25,35276.25
영등포구,영등포동,11560535,36349900.67423333,1732614.3901333334,1582841.8377583334,7704521.353041667,8641103.691066667,5872964.193966667,4838537.664275,3351784.9103166666,2625532.6389666665,10170,2843,1444,865,173,34,10,4.666666666666667,1097.5,793.6666666666666,6659.25,6688.333333333333,3258.833333333333,3248.833333333333,2762.9166666666665,1343.0833333333333,525.5,83.41666666666667,1023.0,658.0,326.0,404.0,11198.0,4034.0,13347.583333333332,13347.583333333332,0.2516152799818635,0.2527141741605582,0.5043294541424217,0.6544822704163717,17643.0,1681.0,19855.25,27057126.90235,246.2862576094,0.0,26466.0,26466.0
영등포구,당산2동,11560560,26967677.09845833,1868742.9693666664,1676529.628725,5137706.913158334,5966744.125100001,4277712.486866667,3429212.223058333,2336124.434625,2274904.29515,7461,3698,2913,2181,387,88,20,10.25,2534.833333333333,2073.333333333333,6659.0,7520.916666666667,4811.5,4399.083333333333,3506.1666666666665,1822.0833333333333,813.8333333333334,119.83333333333331,78.0,96.0,132.0,168.0,4162.0,1361.0,14179.916666666668,14179.916666666668,0.1943051671732522,0.2194553191489361,0.4137604863221885,0.4454860281824696,5997.0,174.0,23390.5,18811375.74818333,176.52857799273332,1.0,34270.833333333336,34270.833333333336
영등포구,문래동,11560605,29482027.993575003,2139919.49115,2091161.7648,3687982.840983333,5946460.363008332,5754503.324566667,4175901.8842666666,2955575.6991166663,2730522.6290916665,2947,3216,2979,2489,442,93,14,11.666666666666666,3032.75,2700.4166666666665,3396.25,5573.916666666667,5491.583333333333,3871.0,3283.6666666666665,1862.0,789.75,109.91666666666669,12.0,60.0,126.0,251.0,6016.0,1840.0,8970.166666666668,8970.166666666668,0.1127463863337713,0.1850390760080227,0.2977854623417941,0.2419540229885057,8305.0,72.0,18332.75,19564848.412825,118.2649186513,1.0,30122.916666666668,30122.916666666668
동작구,노량진1동,11590510,26187558.076441664,1129094.7702916667,1583232.7585333334,7365907.760733333,5099231.5276833335,3400454.4826583336,2960041.6778583336,2252113.820733333,2397481.2632166664,5604,3562,2550,1803,418,89,22,18.83333333333333,1729.9166666666667,1779.8333333333333,5021.083333333333,5017.416666666667,3928.0,4285.416666666667,3959.6666666666665,2287.5,1101.75,152.58333333333334,60.0,24.0,205.0,216.0,5131.0,1975.0,10038.5,10038.5,0.1714733738587983,0.1713481547253147,0.3428215285841131,0.3989179954441913,7611.0,84.0,18251.916666666668,18825635.448933333,151.37684179573336,1.0,29282.0,29282.0
동작구,상도1동,11590530,32799020.12626667,2514796.410925,2728278.811441667,7102780.113283333,4695174.022916666,4541569.712658334,4082157.219158333,3399632.214325,3734631.6156416666,8604,4448,3680,2764,554,92,25,26.25,2478.25,2881.5,8831.166666666666,5583.833333333333,5918.916666666667,5788.666666666667,4960.416666666667,2817.4166666666665,1235.5833333333333,194.0,0.0,36.0,260.0,280.0,4596.0,1859.0,14415.0,14415.0,0.2168967154599338,0.137141009267446,0.3540377247273799,0.4266375762384092,7031.0,36.0,26122.583333333336,20421681.068016667,198.4860242720667,1.0,40716.0,40716.0
동작구,상도2동,11590540,16370926.260683334,1421143.4461166663,1196706.445275,2505031.5705083334,2646721.782275,2577171.713625,2261267.22355,1773496.7728666663,1989387.3100166663,4013,2877,2327,1823,379,70,15,13.666666666666666,2236.25,1801.8333333333333,3926.5833333333335,4441.416666666667,4149.416666666667,3855.9166666666665,3096.5,1753.0833333333333,795.4166666666666,128.83333333333334,48.0,48.0,108.0,198.0,2170.0,553.0,8368.0,8368.0,0.1498757900294859,0.169526729794807,0.3194025198242929,0.3488351877607789,3125.0,96.0,16373.333333333334,9990192.289958334,94.43724415983334,1.0,26198.916666666668,26198.916666666668
동작구,흑석동,11590605,22628642.624991667,1630147.1894833334,1736982.229808333,4794230.433525,3174383.0307500004,3238233.434691667,3010246.343258333,2401072.252375,2643347.711,4562,3299,2886,2082,459,108,15,15.416666666666666,2110.583333333333,1973.5,4532.916666666667,4030.3333333333335,4395.583333333333,4734.416666666667,3758.9166666666665,2309.75,1086.8333333333333,167.16666666666666,12.0,48.0,145.0,279.0,4239.0,980.0,8563.25,8563.25,0.1556878515105113,0.1384260915608855,0.2941139430713968,0.340168518380434,5703.0,60.0,17693.25,14217093.242225,118.7975229689,0.0,29115.41666666667,29115.41666666667
동작구,대방동,11590660,30497482.04933333,1793455.0024333333,3491613.54185,5003119.93965,4709311.053675,5078056.858233334,4271299.598075,2955941.7803666666,3194684.2810333334,6011,3524,3083,2746,573,107,27,18.83333333333333,1941.0833333333333,3748.3333333333335,5834.75,4871.5,5889.0,5420.75,3909.5,2318.583333333333,1014.3333333333334,164.0,12.0,96.0,141.0,345.0,2381.0,852.0,10706.25,10706.25,0.1660870844086837,0.1386680203431,0.3047551047517838,0.3740277518511605,3827.0,108.0,22016.0,19061787.44963333,157.84647479853334,1.0,35130.66666666667,35130.66666666667
관악구,행운동,11620575,17551400.373466667,968998.683075,1011111.7497416666,4139244.900475,3682960.57575,2374881.109283333,1976368.188375,1594733.8953333332,1803101.2736083327,9674,3386,1807,1170,285,61,7,7.333333333333333,1015.25,1231.0833333333333,6884.916666666667,5462.75,3309.083333333333,3165.4166666666665,2931.333333333333,1899.25,651.1666666666666,76.83333333333333,180.0,60.0,87.0,162.0,2719.0,932.0,12347.666666666668,12347.666666666668,0.25849699480309,0.2051011692265333,0.4635981640296234,0.5902379499694936,4140.0,240.0,18822.166666666668,12173454.773883332,180.01836909553333,1.0,26634.416666666664,26634.416666666664
관악구,청룡동,11620595,28016417.787425,860976.0419083334,1719234.929925,8429467.817725,5347208.259508333,3439593.955875,3127843.661383333,2477108.631691667,2614984.4757916667,13435,3771,1841,1351,284,43,14,5.083333333333333,1122.0,1489.4166666666667,10491.333333333334,6302.5,3667.3333333333335,3524.1666666666665,3067.5,1976.0,669.3333333333334,83.75,72.0,72.0,92.0,211.0,3813.0,1133.0,16793.833333333336,16793.833333333336,0.3238224090169015,0.1945311113454618,0.5183535203623635,0.6478132986161339,5393.0,144.0,23985.333333333336,20344113.694491666,263.75657977796664,1.0,32398.416666666664,32398.416666666664
관악구,은천동,11620605,20176409.3062,1338252.1989083334,1546585.6008666668,3292783.1343416665,3502275.744758333,3227721.743116667,2663052.2284,2246176.7463916666,2359561.91135,5723,3860,2668,2015,439,113,19,6.25,1820.1666666666667,2427.4166666666665,4965.333333333333,4767.166666666667,4722.416666666667,4452.333333333333,3989.1666666666665,2507.6666666666665,904.8333333333334,103.33333333333331,0.0,60.0,102.0,169.0,3134.0,497.0,9732.5,9732.5,0.1619161234045212,0.1554540439627927,0.317370167367314,0.3857248769966974,3962.0,60.0,18907.25,12685832.850616666,128.43305640246666,1.0,30666.08333333333,30666.08333333333
관악구,미성동,11620765,16284862.674466668,1229325.8574666667,1478789.236925,2422303.742075,2403905.4728,2568076.236491666,2368862.702733333,1883289.7331916664,1930309.7265666667,4186,3458,2615,1930,466,91,17,15.5,1525.0,2055.4166666666665,4384.583333333333,3868.0,4211.333333333333,4514.75,4289.5,2451.083333333333,819.5,105.08333333333331,84.0,48.0,87.0,216.0,1946.0,609.0,8252.583333333332,8252.583333333332,0.1552628239744804,0.1369700510804805,0.2922328750549609,0.3279793152080232,2990.0,132.0,16978.666666666664,9763148.1541,95.8775426164,1.0,28239.75,28239.75
서초구,서초3동,11650530,47263358.34730833,1998496.21445,4019294.786141667,7367037.303525,9437552.012616666,9290814.092008334,7132643.083508332,4307679.884391666,3709840.9908083337,4851,3292,2424,1823,411,97,30,9.666666666666666,1608.4166666666667,2588.583333333333,4945.916666666667,5058.583333333333,4644.583333333333,4511.833333333333,3428.75,1989.8333333333333,747.8333333333334,119.75,198.0,237.0,254.0,413.0,10843.0,2958.0,10004.5,10004.5,0.1667889109022187,0.1705883179474209,0.3373772288496396,0.3752320544554455,14903.0,435.0,19160.916666666664,33228046.49165833,198.7645109666333,0.0,29653.75,29653.75
서초구,서초4동,11650531,29760927.849908333,1939952.377875,3115990.420108333,5339738.797975,5418402.851891667,5725534.792583334,3732959.203,2376285.646491667,2112063.766175,1529,2260,2724,2864,513,94,23,14.583333333333334,2659.9166666666665,3824.75,3235.25,3219.0,5734.083333333333,4436.833333333333,2840.9166666666665,1706.0833333333333,686.1666666666666,115.08333333333331,162.0,60.0,187.0,128.0,5631.0,1365.0,6454.25,6454.25,0.113626519000679,0.1130557962022056,0.2266823152028846,0.152793044868592,7533.0,222.0,16625.166666666664,20216635.645450003,101.6227175818,1.0,28472.666666666664,28472.666666666664
서초구,반포1동,11650560,24013278.500233334,1817325.504883333,2148956.3482500003,3725620.038566666,4853119.270491666,4923941.710225,2922551.93545,1892931.9523083328,1728831.6954333333,5087,2498,2408,2337,504,109,34,9.25,2899.25,3368.833333333333,3831.0,5048.666666666667,6295.333333333333,4015.9166666666665,2917.25,1571.4166666666667,507.6666666666667,89.0,12.0,60.0,136.0,144.0,3324.0,1371.0,8879.666666666668,8879.666666666668,0.125386274932291,0.1652397563842757,0.2906260313165668,0.3920012329506049,5047.0,72.0,19190.916666666668,16425232.954733333,134.75695681893333,1.0,30553.583333333336,30553.583333333336
서초구,양재1동,11650651,37223332.34658333,3776763.53085,2838438.4487,4523168.382233334,6815759.116625,7222139.606008333,4960364.232866666,3818632.142691666,3268066.8959083334,4776,4394,3568,2881,883,194,50,5.583333333333333,3344.333333333333,3968.8333333333335,4804.0,5939.5,6961.333333333333,5723.0,5268.416666666667,2763.833333333333,955.5833333333334,208.3333333333333,18.0,143.0,267.0,438.0,7004.0,2252.0,10743.5,10743.5,0.1202721394996588,0.1487003273435103,0.2689724668431692,0.285202436402723,10122.0,161.0,23427.83333333333,23521431.33773333,158.91992535093334,1.0,39942.75000000001,39942.75000000001
강남구,삼성2동,11680590,28422001.172616664,1645118.6827,2402222.7993833334,4311531.909916666,6035472.117358333,6282295.883716666,3704096.0018,2023814.545825,2017449.228575,4236,2765,2329,2043,389,88,19,9.333333333333334,2102.4166666666665,3211.4166666666665,3509.4166666666665,4380.416666666667,5756.833333333333,3981.75,2294.833333333333,1539.5,505.9166666666667,78.08333333333333,280.0,82.0,129.0,120.0,3079.0,877.0,7889.833333333334,7889.833333333334,0.1282216789114569,0.1600449398518446,0.2882666187633016,0.3568961159322605,4567.0,362.0,17628.416666666668,20333395.912791666,138.83728365116667,1.0,27369.916666666664,27369.916666666664
강남구,대치2동,11680610,36233253.64774167,1862768.1936666667,6443988.610258333,4621817.139033333,5667349.336150001,7139477.816816666,4923066.514741667,3024353.432591667,2550432.59355,1807,2567,3426,3446,623,85,18,7.0,1810.1666666666667,5583.5,4208.333333333333,2965.6666666666665,6368.916666666667,5966.666666666667,3988.8333333333335,1984.25,545.25,93.66666666666669,0.0,113.0,129.0,137.0,3888.0,1024.0,7174.0,7174.0,0.1255385104917878,0.0884686041857771,0.2140071146775649,0.1509355162044771,5291.0,113.0,19509.583333333336,22351710.806741662,113.93686822696664,0.0,33522.24999999999,33522.24999999999
강남구,역삼2동,11680650,38065810.02283333,2665770.2783083334,4535369.752383334,5441804.9413416665,7246247.939341667,8466241.225533335,4791090.454591666,2599441.907525,2319843.512175,4735,2712,2924,2837,525,94,19,8.75,2532.5,5045.75,4081.5833333333335,4554.0,7788.166666666667,4643.916666666667,2412.083333333333,1599.0833333333333,520.75,76.33333333333333,90.0,72.0,129.0,117.0,3849.0,1303.0,8635.583333333334,8635.583333333334,0.1227067179416517,0.1369092207287895,0.2596159386704413,0.3419760219557995,5560.0,162.0,21067.666666666668,25945384.56080833,168.05916324323334,0.0,33262.916666666664,33262.916666666664
강남구,도곡2동,11680656,22778188.50189167,2119093.8866083333,3281503.087741667,2261199.2378833336,2914783.9972666665,4666534.1935,3291621.8852666668,2154534.823725,2088917.317891667,1408,2676,3076,2961,551,85,16,7.333333333333333,2560.1666666666665,4371.833333333333,3548.5,3101.75,5891.333333333333,5060.0,3325.4166666666665,1969.0833333333333,721.0833333333334,130.08333333333334,0.0,36.0,96.0,168.0,1722.0,679.0,6650.25,6650.25,0.1156368554118385,0.1010783757288065,0.2167152311406451,0.1306971131532535,2701.0,36.0,17601.583333333332,13134139.313916666,71.65015725566667,0.0,30686.58333333333,30686.58333333333
강남구,세곡동,11680700,33598831.654533334,5426234.316108334,3885657.377333333,3195982.4537083334,4632614.810666666,5668013.141325,4056071.66085,3340053.704108333,3394204.201,4891,4233,3376,3042,933,204,60,7.416666666666667,3790.6666666666665,4278.833333333333,4835.25,5894.166666666667,7197.166666666667,5495.833333333333,4671.166666666667,2477.6666666666665,1140.25,241.66666666666663,0.0,0.0,84.0,341.0,1976.0,985.0,10729.416666666668,10729.416666666668,0.1207904055491599,0.1472434273390221,0.268033832888182,0.2921918872095107,3386.0,0.0,23422.416666666668,17552682.066549998,136.60605326619998,1.0,40030.08333333333,40030.08333333333
송파구,오금동,11710570,27621868.300075,2401813.4760000003,2997105.3462,3208816.4776916667,3859408.9377916665,4236823.588941666,4519575.118208333,3564764.5423333333,2833560.811833333,3077,4095,3616,2799,605,128,24,10.0,2507.6666666666665,2846.083333333333,4946.333333333333,5063.0,5223.083333333333,6234.416666666667,5318.916666666667,2334.333333333333,940.3333333333334,189.41666666666663,0.0,84.0,116.0,312.0,3241.0,1021.0,10009.333333333332,10009.333333333332,0.1388889538869766,0.142164857509892,0.2810538113968686,0.2145147796988288,4774.0,84.0,21466.83333333333,15824624.122633334,105.06877149053332,1.0,35613.583333333336,35613.583333333336
송파구,석촌동,11710600,24592841.37485833,1689404.7441333334,1941409.8167,3664996.0196916666,5255997.042591667,4080109.157366667,3247261.017091667,2575555.919333333,2138107.660875,6716,4047,2511,1609,333,78,22,6.583333333333333,1391.0,1695.0,5003.833333333333,6309.833333333333,4414.166666666667,4273.833333333333,3637.5833333333335,1827.25,598.4166666666666,83.66666666666667,36.0,309.0,125.0,192.0,5604.0,1311.0,11313.666666666666,11313.666666666666,0.1711229032129361,0.2157859638523314,0.3869088670652675,0.4384956907808827,7577.0,345.0,20001.666666666664,16248363.236741668,156.16315294696668,0.0,29241.166666666664,29241.166666666664
송파구,삼전동,11710610,22595765.03511667,1730415.969383333,1861963.1160833333,3351768.8353250003,4697880.284508334,3800670.0430916655,3001074.8350416664,2207739.50135,1944252.455175,6327,3740,2417,1613,350,61,18,7.083333333333333,1358.0833333333333,1795.3333333333333,4807.833333333333,5949.416666666667,4646.25,4046.5833333333335,3408.333333333333,1594.4166666666667,512.5,97.58333333333331,0.0,132.0,135.0,213.0,3470.0,1141.0,10757.25,10757.25,0.1703490895562491,0.2107971808279768,0.3811462703842259,0.4355638166047088,5091.0,132.0,19450.08333333333,14851393.997966666,145.29460099186667,0.0,28223.416666666664,28223.416666666664
송파구,가락2동,11710632,20424765.641866665,1587010.9589666666,2403144.8769916664,2398543.551458333,3034906.8112,3333363.338041667,3129806.1263166666,2508078.886025,2029911.0937333333,2272,2817,3087,2716,468,98,24,6.0,2287.0,3158.6666666666665,4114.75,4327.166666666667,5093.75,4792.0,3829.4166666666665,1563.4166666666667,602.9166666666666,100.5,0.0,29.0,24.0,72.0,973.0,173.0,8441.916666666668,8441.916666666668,0.1377295282937292,0.144839570775466,0.2825690990691953,0.1978749346803692,1271.0,29.0,18327.666666666668,11896619.827016668,78.42887930806667,0.0,29875.583333333336,29875.583333333336
송파구,문정2동,11710642,29754779.69348333,947694.6848833332,1197879.8322333333,5126826.960108333,7455627.334675,5990937.483441667,4388851.901041667,2678238.6680833334,1968722.825175,7515,3321,1991,1440,251,58,14,5.75,1479.0833333333333,1305.6666666666667,4745.0,6765.583333333333,3984.9166666666665,3210.25,2924.583333333333,1504.0,629.0,105.91666666666669,0.0,0.0,207.0,329.0,3492.0,1612.0,11510.583333333332,11510.583333333332,0.177983664512983,0.2537751979419662,0.4317588624549492,0.5150788211103495,5640.0,0.0,18705.75,22962243.67926667,193.86509971706667,1.0,26659.75,26659.75
송파구,장지동,11710646,24892641.512475,2150232.5651916666,2694365.297725,3051213.083991667,4396147.185425,4028342.0292916666,3593268.699558333,2759836.984358333,2219235.6091666664,2747,3237,2729,2106,486,92,11,5.916666666666667,2103.333333333333,2443.833333333333,3683.25,4278.916666666667,4292.416666666667,4412.583333333333,3574.333333333333,1604.0833333333333,618.1666666666666,135.83333333333334,0.0,0.0,65.0,168.0,972.0,259.0,7962.166666666667,7962.166666666667,0.1356496599474576,0.1575873456259667,0.2932370055734243,0.2407959326788218,1464.0,0.0,16667.166666666668,15068970.998266667,97.56640899306666,0.0,27152.666666666664,27152.666666666664
송파구,위례동,11710647,27234866.29635833,5178427.566091667,3210416.00435,2355526.9669250003,4576271.445025,4962212.346775,3223799.7866833336,2176408.03235,1551804.1439916666,1037,1943,2502,2715,697,122,25,4.083333333333333,5165.833333333333,4080.6666666666665,2936.9166666666665,5443.333333333333,6329.25,3701.75,2452.25,1040.6666666666667,348.5,90.25,0.0,0.0,0.0,24.0,130.0,75.0,8380.25,8380.25,0.0929595222646008,0.1722928239458538,0.2652523462104547,0.1146997013604689,229.0,0.0,18411.25,15117810.545408333,74.54851718163333,1.0,31593.5,31593.5
송파구,잠실2동,11710670,24931587.769158334,3013811.393283333,4037250.9734416665,2266232.43085,3058911.897983333,5332171.162041667,3226133.0824583336,2061161.3492416667,1935915.4868583328,1160,2117,3152,3848,598,105,18,7.0,3604.8333333333335,5313.416666666667,3013.583333333333,3425.6666666666665,7793.916666666667,4590.75,2709.1666666666665,1491.0,463.5833333333333,62.333333333333336,0.0,12.0,102.0,108.0,691.0,693.0,6439.25,6439.25,0.0927963089840211,0.1054854594396245,0.1982817684236457,0.105473722494999,1606.0,12.0,18823.916666666668,13883448.573333334,71.28079429333334,1.0,32475.25,32475.25
송파구,잠실3동,11710680,27816158.27563333,2762987.736233333,3294581.861066667,3400187.922433333,4221357.721775,4864210.998675,3743215.30155,2959476.261891667,2570140.4766083336,1116,2930,3443,3027,563,85,22,5.083333333333333,2877.333333333333,3691.6666666666665,3444.5,3796.25,5682.916666666667,4801.833333333333,4343.166666666667,2308.5,672.6666666666666,124.0,0.0,0.0,144.0,48.0,992.0,1235.0,7240.75,7240.75,0.108495308091082,0.1195747752477196,0.2280700833388017,0.0997675666011085,2419.0,0.0,17725.5,16228971.944433331,80.06558777773331,1.0,31747.916666666668,31747.916666666668
강동구,강일동,11740515,34420258.670675,3837576.383041667,4095955.648441666,3319081.587925,5501058.200066667,6091461.395091667,4520339.914033334,3600685.780658333,3454099.755116667,2081,3046,2542,2572,861,150,25,7.25,3047.1666666666665,3846.75,3766.6666666666665,4631.25,5415.0,4759.333333333333,4359.75,2183.583333333333,870.75,171.91666666666666,0.0,0.0,48.0,204.0,523.0,355.0,8397.916666666666,8397.916666666666,0.1139362713094857,0.1400886787173599,0.2540249500268456,0.1845348940321007,1130.0,0.0,18572.25,19431941.097116668,105.97733938846667,0.0,33059.416666666664,33059.416666666664
강동구,암사1동,11740570,21121912.388658334,1616178.2518999998,1925791.337,2554010.251641667,3211913.7887750003,3486924.6804750003,3285787.87515,2575271.705641667,2466034.5041416665,4551,4008,3064,2229,464,89,26,10.416666666666666,1915.5833333333333,2339.083333333333,4378.416666666667,4662.25,5012.916666666667,5406.916666666667,4684.0,2500.9166666666665,858.0,128.33333333333334,24.0,60.0,171.0,213.0,3105.0,734.0,9040.666666666668,9040.666666666668,0.1372680673630088,0.1461665473584107,0.2834346147214196,0.3153627607234426,4307.0,84.0,19460.500000000004,12538636.596041668,111.93437138416668,0.0,31896.833333333336,31896.833333333336
강동구,천호2동,11740610,32407786.370775,2025979.951275,2129170.7852,4305930.007166667,5660245.556125,5049557.790916667,5239659.640491667,4236175.478783333,3761067.139158333,6378,4433,2689,1710,380,84,27,5.5,1501.3333333333333,1624.4166666666667,4480.5,5598.916666666667,4461.333333333333,5008.666666666667,4617.166666666667,2442.0,854.4166666666666,120.0,186.0,96.0,221.0,282.0,6785.0,2168.0,10079.416666666668,10079.416666666668,0.1458769138103648,0.1822905220432426,0.3281674358536076,0.4062161645755047,9738.0,282.0,19549.416666666668,20255392.994700003,167.6029219788,0.0,30714.250000000004,30714.250000000004
강동구,길동,11740685,38030095.27830833,2683009.937725,2869665.9545583334,4933784.995766667,5881048.653083333,5904744.726025,6012850.838191667,5144924.324841666,4600065.845641666,6909,5261,3850,2722,592,136,39,12.166666666666666,2213.083333333333,2638.0,6484.666666666667,6851.833333333333,6238.5,6737.5,6627.0,3103.0,1053.5,174.0,1312.0,240.0,174.0,365.0,6801.0,1347.0,13336.5,13336.5,0.1539085322557996,0.1626229482257678,0.3165314804815675,0.3541442411194833,10239.0,1552.0,26312.5,22732429.213066667,184.71939185226665,0.0,42133.24999999999,42133.24999999999
